/*
SQLyog Community v13.1.9 (64 bit)
MySQL - 10.4.28-MariaDB : Database - uippedb
*********************************************************************
*/

/*!40101 SET NAMES utf8 */;

/*!40101 SET SQL_MODE=''*/;

/*!40014 SET @OLD_UNIQUE_CHECKS=@@UNIQUE_CHECKS, UNIQUE_CHECKS=0 */;
/*!40014 SET @OLD_FOREIGN_KEY_CHECKS=@@FOREIGN_KEY_CHECKS, FOREIGN_KEY_CHECKS=0 */;
/*!40101 SET @OLD_SQL_MODE=@@SQL_MODE, SQL_MODE='NO_AUTO_VALUE_ON_ZERO' */;
/*!40111 SET @OLD_SQL_NOTES=@@SQL_NOTES, SQL_NOTES=0 */;
CREATE DATABASE /*!32312 IF NOT EXISTS*/`uippedb` /*!40100 DEFAULT CHARACTER SET utf8mb4 COLLATE utf8mb4_general_ci */;

USE `uippedb`;

/*Table structure for table `failed_jobs` */

DROP TABLE IF EXISTS `failed_jobs`;

CREATE TABLE `failed_jobs` (
  `id` bigint(20) unsigned NOT NULL AUTO_INCREMENT,
  `uuid` varchar(255) NOT NULL,
  `connection` text NOT NULL,
  `queue` text NOT NULL,
  `payload` longtext NOT NULL,
  `exception` longtext NOT NULL,
  `failed_at` timestamp NOT NULL DEFAULT current_timestamp(),
  PRIMARY KEY (`id`),
  UNIQUE KEY `failed_jobs_uuid_unique` (`uuid`)
) ENGINE=InnoDB DEFAULT CHARSET=utf8mb4 COLLATE=utf8mb4_unicode_ci;

/*Data for the table `failed_jobs` */

/*Table structure for table `migrations` */

DROP TABLE IF EXISTS `migrations`;

CREATE TABLE `migrations` (
  `id` int(10) unsigned NOT NULL AUTO_INCREMENT,
  `migration` varchar(255) NOT NULL,
  `batch` int(11) NOT NULL,
  PRIMARY KEY (`id`)
) ENGINE=InnoDB AUTO_INCREMENT=16 DEFAULT CHARSET=utf8mb4 COLLATE=utf8mb4_unicode_ci;

/*Data for the table `migrations` */

insert  into `migrations`(`id`,`migration`,`batch`) values 
(1,'2014_10_12_000000_create_users_table',1),
(2,'2014_10_12_100000_create_password_resets_table',1),
(3,'2019_08_19_000000_create_failed_jobs_table',1),
(4,'2019_12_14_000001_create_personal_access_tokens_table',1),
(5,'2023_03_04_000248_tb_tipos',1),
(6,'2023_03_04_000541_tb_usuarios',1),
(7,'2023_03_08_035611_tb_areas',1),
(8,'2023_03_08_040229_tb_programas',1),
(9,'2023_03_08_040306_tb_metas',1),
(10,'2023_03_08_040814_tb_areasusuarios',1),
(11,'2023_03_08_041215_tb_areasmetas',1),
(12,'2023_04_22_222042_tb_correo',1),
(13,'2023_04_28_194222_tb_meses',1),
(14,'2023_04_28_194404_tb_calendarizars',1),
(15,'2023_05_31_133222_tb_entregas',1);

/*Table structure for table `password_resets` */

DROP TABLE IF EXISTS `password_resets`;

CREATE TABLE `password_resets` (
  `email` varchar(255) NOT NULL,
  `token` varchar(255) NOT NULL,
  `created_at` timestamp NULL DEFAULT NULL,
  PRIMARY KEY (`email`)
) ENGINE=InnoDB DEFAULT CHARSET=utf8mb4 COLLATE=utf8mb4_unicode_ci;

/*Data for the table `password_resets` */

/*Table structure for table `personal_access_tokens` */

DROP TABLE IF EXISTS `personal_access_tokens`;

CREATE TABLE `personal_access_tokens` (
  `id` bigint(20) unsigned NOT NULL AUTO_INCREMENT,
  `tokenable_type` varchar(255) NOT NULL,
  `tokenable_id` bigint(20) unsigned NOT NULL,
  `name` varchar(255) NOT NULL,
  `token` varchar(64) NOT NULL,
  `abilities` text DEFAULT NULL,
  `last_used_at` timestamp NULL DEFAULT NULL,
  `expires_at` timestamp NULL DEFAULT NULL,
  `created_at` timestamp NULL DEFAULT NULL,
  `updated_at` timestamp NULL DEFAULT NULL,
  PRIMARY KEY (`id`),
  UNIQUE KEY `personal_access_tokens_token_unique` (`token`),
  KEY `personal_access_tokens_tokenable_type_tokenable_id_index` (`tokenable_type`,`tokenable_id`)
) ENGINE=InnoDB DEFAULT CHARSET=utf8mb4 COLLATE=utf8mb4_unicode_ci;

/*Data for the table `personal_access_tokens` */

/*Table structure for table `tb_areas` */

DROP TABLE IF EXISTS `tb_areas`;

CREATE TABLE `tb_areas` (
  `id_area` int(10) unsigned NOT NULL AUTO_INCREMENT,
  `clave` varchar(30) NOT NULL,
  `nombre` varchar(255) NOT NULL,
  `descripcion` text DEFAULT NULL,
  `foto` text DEFAULT NULL,
  `activo` tinyint(1) NOT NULL,
  `id_registro` int(11) NOT NULL,
  `created_at` timestamp NULL DEFAULT NULL,
  `updated_at` timestamp NULL DEFAULT NULL,
  PRIMARY KEY (`id_area`)
) ENGINE=InnoDB AUTO_INCREMENT=22 DEFAULT CHARSET=utf8mb4 COLLATE=utf8mb4_unicode_ci;

/*Data for the table `tb_areas` */

insert  into `tb_areas`(`id_area`,`clave`,`nombre`,`descripcion`,`foto`,`activo`,`id_registro`,`created_at`,`updated_at`) values 
(1,'ARE1','Abogado General','Abogado General','cuervo.png',1,1,'2023-06-16 23:07:06','2023-06-16 23:07:06'),
(2,'ARE2','Organo Interno de Control','Organo Interno De Control','cuervo.png',1,1,'2023-06-16 23:07:06','2023-06-16 23:07:06'),
(3,'ARE3','Unidad De Información, Planeación, Programación  y Evaluación','UIPPE','cuervo.png',1,1,'2023-06-16 23:07:06','2023-06-16 23:07:06'),
(4,'ARE4','Secretaria Académica','Secretaria Académica','cuervo.png',1,1,'2023-06-16 23:07:06','2023-06-16 23:07:06'),
(5,'ARE5','Desarrollo y Fortalecimiento Académico','Desarrollo y Fortalecimiento Académico','cuervo.png',1,1,'2023-06-16 23:07:06','2023-06-16 23:07:06'),
(6,'ARE6','Secretaria de Vinculación','Secretaria de Vinculación','cuervo.png',1,1,'2023-06-16 23:07:06','2023-06-16 23:07:06'),
(7,'ARE7','Subdirección de Proyectos de Vinculación','Subdirección de Proyectos de Vinculación','cuervo.png',1,26,'2023-06-16 23:07:06','2023-06-17 19:47:21'),
(8,'ARE8','Departamento de Servicios Tecnológicos','Departamento de Servicios Tecnológicos','cuervo.png',1,1,'2023-06-16 23:07:06','2023-06-16 23:07:06'),
(9,'ARE9','Departamento de Desempeño a Egresados','Departamento de Desempeño a Egresados','cuervo.png',1,1,'2023-06-16 23:07:06','2023-06-16 23:07:06'),
(10,'ARE10','Centro de Desarrollo de Negocios/Centro de Protección de Invenciones y Marcas','CEPIMUTVTOL','cuervo.png',1,1,'2023-06-16 23:07:06','2023-06-16 23:07:06'),
(11,'ARE11','Coordinación de la Entidad de Certificación y Evaluación','CONOCER','cuervo.png',1,1,'2023-06-16 23:07:06','2023-06-16 23:07:06'),
(12,'ARE12','Dirección de Difusión y Extensión Universitaria','Dirección de Difusión y Extensión Universitaria','cuervo.png',1,1,'2023-06-16 23:07:06','2023-06-16 23:07:06'),
(13,'ARE13','Departamento de Actividades Culturales y Deportivas','Departamento de Actividades Culturales y Deportivas','cuervo.png',1,1,'2023-06-16 23:07:06','2023-06-16 23:07:06'),
(14,'ARE14','Departamento de Prensa y Difusión','Departamento de Prensa y Difusión','cuervo.png',1,1,'2023-06-16 23:07:06','2023-06-16 23:07:06'),
(15,'ARE15','Departamento de Educación Continua','Departamento de Educación Continua','cuervo.png',1,1,'2023-06-16 23:07:06','2023-06-16 23:07:06'),
(16,'ARE16','Departamento de Administración y Finanzas','Departamento de Administración y Finanzas','cuervo.png',1,1,'2023-06-16 23:07:06','2023-06-16 23:07:06'),
(17,'ARE17','Departamento de Recursos Humanos','Departamento de Recursos Humanos','cuervo.png',1,1,'2023-06-16 23:07:06','2023-06-16 23:07:06'),
(18,'ARE18','Departamento de Recursos Materiales','Departamento de Recursos Materiales','cuervo.png',1,1,'2023-06-16 23:07:06','2023-06-16 23:07:06'),
(19,'ARE19','Departamento de Mantenimiento y Servicios Generales','Departamento de Mantenimiento y Servicios Generales','cuervo.png',1,1,'2023-06-16 23:07:06','2023-06-16 23:07:06'),
(20,'ARE20','Departamento de Sistemas','Departamento de Sistemas','cuervo.png',1,1,'2023-06-16 23:07:06','2023-06-16 23:07:06'),
(21,'ARE21','Subdirección de Finanzas','Subdirección de Finanzas','cuervo.png',1,1,'2023-06-16 23:07:06','2023-06-16 23:07:06');

/*Table structure for table `tb_areasmetas` */

DROP TABLE IF EXISTS `tb_areasmetas`;

CREATE TABLE `tb_areasmetas` (
  `id_areasmetas` int(10) unsigned NOT NULL AUTO_INCREMENT,
  `area_id` int(10) unsigned NOT NULL,
  `meta_id` int(10) unsigned NOT NULL,
  `id_programa` int(10) unsigned NOT NULL,
  `objetivo` varchar(255) NOT NULL,
  `id_registro` int(11) NOT NULL,
  `created_at` timestamp NULL DEFAULT NULL,
  `updated_at` timestamp NULL DEFAULT NULL,
  PRIMARY KEY (`id_areasmetas`),
  KEY `tb_areasmetas_area_id_foreign` (`area_id`),
  KEY `tb_areasmetas_meta_id_foreign` (`meta_id`),
  KEY `tb_areasmetas_id_programa_foreign` (`id_programa`),
  CONSTRAINT `tb_areasmetas_area_id_foreign` FOREIGN KEY (`area_id`) REFERENCES `tb_areas` (`id_area`),
  CONSTRAINT `tb_areasmetas_id_programa_foreign` FOREIGN KEY (`id_programa`) REFERENCES `tb_programas` (`id_programa`),
  CONSTRAINT `tb_areasmetas_meta_id_foreign` FOREIGN KEY (`meta_id`) REFERENCES `tb_metas` (`id_meta`)
) ENGINE=InnoDB AUTO_INCREMENT=268 DEFAULT CHARSET=utf8mb4 COLLATE=utf8mb4_unicode_ci;

/*Data for the table `tb_areasmetas` */

insert  into `tb_areasmetas`(`id_areasmetas`,`area_id`,`meta_id`,`id_programa`,`objetivo`,`id_registro`,`created_at`,`updated_at`) values 
(1,3,45,2,'Ninguno',1,'2023-06-16 23:07:07','2023-06-16 23:07:07'),
(2,3,46,2,'Ninguno',1,'2023-06-16 23:07:07','2023-06-16 23:07:07'),
(3,3,47,2,'Ninguno',1,'2023-06-16 23:07:07','2023-06-16 23:07:07'),
(4,3,48,2,'Ninguno',1,'2023-06-16 23:07:07','2023-06-16 23:07:07'),
(5,3,53,3,'Ninguno',1,'2023-06-16 23:07:07','2023-06-16 23:07:07'),
(6,3,54,3,'Ninguno',1,'2023-06-16 23:07:07','2023-06-16 23:07:07'),
(7,3,55,3,'Ninguno',1,'2023-06-16 23:07:07','2023-06-16 23:07:07'),
(8,3,56,3,'Ninguno',1,'2023-06-16 23:07:07','2023-06-16 23:07:07'),
(9,3,57,3,'Ninguno',1,'2023-06-16 23:07:07','2023-06-16 23:07:07'),
(10,3,58,3,'Ninguno',1,'2023-06-16 23:07:07','2023-06-16 23:07:07'),
(11,3,59,3,'Ninguno',1,'2023-06-16 23:07:07','2023-06-16 23:07:07'),
(12,3,60,3,'Ninguno',1,'2023-06-16 23:07:07','2023-06-16 23:07:07'),
(13,3,61,3,'Ninguno',1,'2023-06-16 23:07:07','2023-06-16 23:07:07'),
(14,3,62,3,'Ninguno',1,'2023-06-16 23:07:07','2023-06-16 23:07:07'),
(15,3,63,3,'Ninguno',1,'2023-06-16 23:07:07','2023-06-16 23:07:07'),
(16,3,64,4,'Ninguno',1,'2023-06-16 23:07:07','2023-06-16 23:07:07'),
(17,3,65,4,'Ninguno',1,'2023-06-16 23:07:07','2023-06-16 23:07:07'),
(18,3,66,4,'Ninguno',1,'2023-06-16 23:07:07','2023-06-16 23:07:07'),
(19,3,67,4,'Ninguno',1,'2023-06-16 23:07:07','2023-06-16 23:07:07'),
(20,3,68,4,'Ninguno',1,'2023-06-16 23:07:07','2023-06-16 23:07:07'),
(21,3,69,4,'Ninguno',1,'2023-06-16 23:07:07','2023-06-16 23:07:07'),
(22,3,70,4,'Ninguno',1,'2023-06-16 23:07:07','2023-06-16 23:07:07'),
(23,3,71,4,'Ninguno',1,'2023-06-16 23:07:07','2023-06-16 23:07:07'),
(24,3,72,4,'Ninguno',1,'2023-06-16 23:07:07','2023-06-16 23:07:07'),
(25,3,73,4,'Ninguno',1,'2023-06-16 23:07:07','2023-06-16 23:07:07'),
(26,3,74,4,'Ninguno',1,'2023-06-16 23:07:07','2023-06-16 23:07:07'),
(27,3,75,4,'Ninguno',1,'2023-06-16 23:07:07','2023-06-16 23:07:07'),
(28,3,76,4,'Ninguno',1,'2023-06-16 23:07:07','2023-06-16 23:07:07'),
(29,3,77,4,'Ninguno',1,'2023-06-16 23:07:07','2023-06-16 23:07:07'),
(30,3,78,4,'Ninguno',1,'2023-06-16 23:07:07','2023-06-16 23:07:07'),
(31,3,79,4,'Ninguno',1,'2023-06-16 23:07:07','2023-06-16 23:07:07'),
(32,3,80,4,'Ninguno',1,'2023-06-16 23:07:07','2023-06-16 23:07:07'),
(33,3,81,4,'Ninguno',1,'2023-06-16 23:07:07','2023-06-16 23:07:07'),
(34,3,82,4,'Ninguno',1,'2023-06-16 23:07:07','2023-06-16 23:07:07'),
(35,3,83,4,'Ninguno',1,'2023-06-16 23:07:07','2023-06-16 23:07:07'),
(36,3,84,4,'Ninguno',1,'2023-06-16 23:07:07','2023-06-16 23:07:07'),
(37,3,85,4,'Ninguno',1,'2023-06-16 23:07:07','2023-06-16 23:07:07'),
(38,3,86,4,'Ninguno',1,'2023-06-16 23:07:07','2023-06-16 23:07:07'),
(39,3,87,4,'Ninguno',1,'2023-06-16 23:07:07','2023-06-16 23:07:07'),
(40,3,88,4,'Ninguno',1,'2023-06-16 23:07:07','2023-06-16 23:07:07'),
(41,3,89,4,'Ninguno',1,'2023-06-16 23:07:07','2023-06-16 23:07:07'),
(42,2,25,1,'Ninguno',1,'2023-06-16 23:07:07','2023-06-16 23:07:07'),
(43,2,26,1,'Ninguno',1,'2023-06-16 23:07:07','2023-06-16 23:07:07'),
(44,2,27,1,'Ninguno',1,'2023-06-16 23:07:07','2023-06-16 23:07:07'),
(45,2,28,1,'Ninguno',1,'2023-06-16 23:07:07','2023-06-16 23:07:07'),
(46,2,29,1,'Ninguno',1,'2023-06-16 23:07:07','2023-06-16 23:07:07'),
(47,2,30,1,'Ninguno',1,'2023-06-16 23:07:07','2023-06-16 23:07:07'),
(48,2,31,1,'Ninguno',1,'2023-06-16 23:07:07','2023-06-16 23:07:07'),
(49,2,32,1,'Ninguno',1,'2023-06-16 23:07:07','2023-06-16 23:07:07'),
(50,2,33,1,'Ninguno',1,'2023-06-16 23:07:07','2023-06-16 23:07:07'),
(51,2,34,1,'Ninguno',1,'2023-06-16 23:07:07','2023-06-16 23:07:07'),
(52,2,35,1,'Ninguno',1,'2023-06-16 23:07:07','2023-06-16 23:07:07'),
(53,2,36,1,'Ninguno',1,'2023-06-16 23:07:07','2023-06-16 23:07:07'),
(54,1,24,1,'Ninguno',1,'2023-06-16 23:07:07','2023-06-16 23:07:07'),
(55,1,51,2,'Ninguno',1,'2023-06-16 23:07:07','2023-06-16 23:07:07'),
(56,1,90,3,'Ninguno',1,'2023-06-16 23:07:07','2023-06-16 23:07:07'),
(57,1,91,3,'Ninguno',1,'2023-06-16 23:07:07','2023-06-16 23:07:07'),
(58,1,92,3,'Ninguno',1,'2023-06-16 23:07:07','2023-06-16 23:07:07'),
(59,1,93,3,'Ninguno',1,'2023-06-16 23:07:07','2023-06-16 23:07:07'),
(60,1,94,4,'Ninguno',1,'2023-06-16 23:07:07','2023-06-16 23:07:07'),
(61,1,95,4,'Ninguno',1,'2023-06-16 23:07:07','2023-06-16 23:07:07'),
(62,4,1,1,'Ninguno',1,'2023-06-16 23:07:07','2023-06-16 23:07:07'),
(63,4,2,1,'Ninguno',1,'2023-06-16 23:07:07','2023-06-16 23:07:07'),
(64,4,3,1,'Ninguno',1,'2023-06-16 23:07:07','2023-06-16 23:07:07'),
(65,4,6,1,'Ninguno',1,'2023-06-16 23:07:07','2023-06-16 23:07:07'),
(66,4,7,1,'Ninguno',1,'2023-06-16 23:07:07','2023-06-16 23:07:07'),
(67,4,9,1,'Ninguno',1,'2023-06-16 23:07:07','2023-06-16 23:07:07'),
(68,4,10,1,'Ninguno',1,'2023-06-16 23:07:07','2023-06-16 23:07:07'),
(69,4,12,1,'Ninguno',1,'2023-06-16 23:07:07','2023-06-16 23:07:07'),
(70,4,13,1,'Ninguno',1,'2023-06-16 23:07:07','2023-06-16 23:07:07'),
(71,4,16,1,'Ninguno',1,'2023-06-16 23:07:07','2023-06-16 23:07:07'),
(72,4,19,1,'Ninguno',1,'2023-06-16 23:07:07','2023-06-16 23:07:07'),
(73,4,20,1,'Ninguno',1,'2023-06-16 23:07:07','2023-06-16 23:07:07'),
(74,4,22,1,'Ninguno',1,'2023-06-16 23:07:07','2023-06-16 23:07:07'),
(75,4,96,3,'Ninguno',1,'2023-06-16 23:07:07','2023-06-16 23:07:07'),
(76,4,97,3,'Ninguno',1,'2023-06-16 23:07:07','2023-06-16 23:07:07'),
(77,4,98,3,'Ninguno',1,'2023-06-16 23:07:07','2023-06-16 23:07:07'),
(78,4,99,3,'Ninguno',1,'2023-06-16 23:07:07','2023-06-16 23:07:07'),
(79,4,100,3,'Ninguno',1,'2023-06-16 23:07:07','2023-06-16 23:07:07'),
(80,4,101,3,'Ninguno',1,'2023-06-16 23:07:07','2023-06-16 23:07:07'),
(81,4,102,3,'Ninguno',1,'2023-06-16 23:07:07','2023-06-16 23:07:07'),
(82,4,103,3,'Ninguno',1,'2023-06-16 23:07:07','2023-06-16 23:07:07'),
(83,4,104,3,'Ninguno',1,'2023-06-16 23:07:07','2023-06-16 23:07:07'),
(84,4,105,3,'Ninguno',1,'2023-06-16 23:07:07','2023-06-16 23:07:07'),
(85,4,106,3,'Ninguno',1,'2023-06-16 23:07:07','2023-06-16 23:07:07'),
(86,4,107,3,'Ninguno',1,'2023-06-16 23:07:07','2023-06-16 23:07:07'),
(87,4,108,3,'Ninguno',1,'2023-06-16 23:07:07','2023-06-16 23:07:07'),
(88,4,109,3,'Ninguno',1,'2023-06-16 23:07:07','2023-06-16 23:07:07'),
(89,4,110,3,'Ninguno',1,'2023-06-16 23:07:07','2023-06-16 23:07:07'),
(90,4,111,3,'Ninguno',1,'2023-06-16 23:07:07','2023-06-16 23:07:07'),
(91,4,112,3,'Ninguno',1,'2023-06-16 23:07:07','2023-06-16 23:07:07'),
(92,4,113,3,'Ninguno',1,'2023-06-16 23:07:07','2023-06-16 23:07:07'),
(93,4,114,3,'Ninguno',1,'2023-06-16 23:07:07','2023-06-16 23:07:07'),
(94,4,115,3,'Ninguno',1,'2023-06-16 23:07:07','2023-06-16 23:07:07'),
(95,4,116,3,'Ninguno',1,'2023-06-16 23:07:07','2023-06-16 23:07:07'),
(96,4,117,3,'Ninguno',1,'2023-06-16 23:07:07','2023-06-16 23:07:07'),
(97,4,118,3,'Ninguno',1,'2023-06-16 23:07:07','2023-06-16 23:07:07'),
(98,4,119,3,'Ninguno',1,'2023-06-16 23:07:07','2023-06-16 23:07:07'),
(99,4,120,3,'Ninguno',1,'2023-06-16 23:07:07','2023-06-16 23:07:07'),
(100,4,121,3,'Ninguno',1,'2023-06-16 23:07:07','2023-06-16 23:07:07'),
(101,4,122,3,'Ninguno',1,'2023-06-16 23:07:07','2023-06-16 23:07:07'),
(102,4,123,3,'Ninguno',1,'2023-06-16 23:07:07','2023-06-16 23:07:07'),
(103,4,124,3,'Ninguno',1,'2023-06-16 23:07:07','2023-06-16 23:07:07'),
(104,4,125,3,'Ninguno',1,'2023-06-16 23:07:07','2023-06-16 23:07:07'),
(105,4,126,3,'Ninguno',1,'2023-06-16 23:07:07','2023-06-16 23:07:07'),
(106,4,127,3,'Ninguno',1,'2023-06-16 23:07:07','2023-06-16 23:07:07'),
(107,4,128,3,'Ninguno',1,'2023-06-16 23:07:07','2023-06-16 23:07:07'),
(108,4,129,3,'Ninguno',1,'2023-06-16 23:07:07','2023-06-16 23:07:07'),
(109,4,130,3,'Ninguno',1,'2023-06-16 23:07:07','2023-06-16 23:07:07'),
(110,4,131,3,'Ninguno',1,'2023-06-16 23:07:07','2023-06-16 23:07:07'),
(111,4,132,3,'Ninguno',1,'2023-06-16 23:07:07','2023-06-16 23:07:07'),
(112,4,133,3,'Ninguno',1,'2023-06-16 23:07:07','2023-06-16 23:07:07'),
(113,4,134,3,'Ninguno',1,'2023-06-16 23:07:07','2023-06-16 23:07:07'),
(114,4,135,3,'Ninguno',1,'2023-06-16 23:07:07','2023-06-16 23:07:07'),
(115,4,136,3,'Ninguno',1,'2023-06-16 23:07:07','2023-06-16 23:07:07'),
(116,4,137,3,'Ninguno',1,'2023-06-16 23:07:07','2023-06-16 23:07:07'),
(117,4,138,3,'Ninguno',1,'2023-06-16 23:07:07','2023-06-16 23:07:07'),
(118,4,139,3,'Ninguno',1,'2023-06-16 23:07:07','2023-06-16 23:07:07'),
(119,4,140,3,'Ninguno',1,'2023-06-16 23:07:07','2023-06-16 23:07:07'),
(120,4,141,3,'Ninguno',1,'2023-06-16 23:07:07','2023-06-16 23:07:07'),
(121,4,142,3,'Ninguno',1,'2023-06-16 23:07:07','2023-06-16 23:07:07'),
(122,4,143,3,'Ninguno',1,'2023-06-16 23:07:07','2023-06-16 23:07:07'),
(123,4,144,3,'Ninguno',1,'2023-06-16 23:07:07','2023-06-16 23:07:07'),
(124,4,145,3,'Ninguno',1,'2023-06-16 23:07:07','2023-06-16 23:07:07'),
(125,4,146,3,'Ninguno',1,'2023-06-16 23:07:07','2023-06-16 23:07:07'),
(126,4,147,3,'Ninguno',1,'2023-06-16 23:07:07','2023-06-16 23:07:07'),
(127,4,148,3,'Ninguno',1,'2023-06-16 23:07:07','2023-06-16 23:07:07'),
(128,4,149,3,'Ninguno',1,'2023-06-16 23:07:07','2023-06-16 23:07:07'),
(129,4,150,3,'Ninguno',1,'2023-06-16 23:07:07','2023-06-16 23:07:07'),
(130,4,151,3,'Ninguno',1,'2023-06-16 23:07:07','2023-06-16 23:07:07'),
(131,4,152,3,'Ninguno',1,'2023-06-16 23:07:07','2023-06-16 23:07:07'),
(132,5,49,2,'Ninguno',1,'2023-06-16 23:07:07','2023-06-16 23:07:07'),
(133,5,50,2,'Ninguno',1,'2023-06-16 23:07:07','2023-06-16 23:07:07'),
(134,5,52,2,'Ninguno',1,'2023-06-16 23:07:07','2023-06-16 23:07:07'),
(135,5,153,3,'Ninguno',1,'2023-06-16 23:07:07','2023-06-16 23:07:07'),
(136,5,154,3,'Ninguno',1,'2023-06-16 23:07:07','2023-06-16 23:07:07'),
(137,5,155,3,'Ninguno',1,'2023-06-16 23:07:07','2023-06-16 23:07:07'),
(138,5,156,4,'Ninguno',1,'2023-06-16 23:07:07','2023-06-16 23:07:07'),
(139,5,157,4,'Ninguno',1,'2023-06-16 23:07:07','2023-06-16 23:07:07'),
(140,5,158,4,'Ninguno',1,'2023-06-16 23:07:07','2023-06-16 23:07:07'),
(141,5,159,4,'Ninguno',1,'2023-06-16 23:07:07','2023-06-16 23:07:07'),
(142,5,160,4,'Ninguno',1,'2023-06-16 23:07:07','2023-06-16 23:07:07'),
(143,12,44,2,'Ninguno',1,'2023-06-16 23:07:07','2023-06-16 23:07:07'),
(144,12,161,4,'Ninguno',1,'2023-06-16 23:07:07','2023-06-16 23:07:07'),
(145,13,4,1,'Ninguno',1,'2023-06-16 23:07:07','2023-06-16 23:07:07'),
(146,14,41,2,'Ninguno',1,'2023-06-16 23:07:07','2023-06-16 23:07:07'),
(147,14,42,2,'Ninguno',1,'2023-06-16 23:07:07','2023-06-16 23:07:07'),
(148,14,162,3,'Ninguno',1,'2023-06-16 23:07:07','2023-06-16 23:07:07'),
(149,14,163,3,'Ninguno',1,'2023-06-16 23:07:07','2023-06-16 23:07:07'),
(150,14,164,3,'Ninguno',1,'2023-06-16 23:07:07','2023-06-16 23:07:07'),
(151,14,165,4,'Ninguno',1,'2023-06-16 23:07:07','2023-06-16 23:07:07'),
(152,14,166,4,'Ninguno',1,'2023-06-16 23:07:07','2023-06-16 23:07:07'),
(153,14,167,4,'Ninguno',1,'2023-06-16 23:07:07','2023-06-16 23:07:07'),
(154,14,168,4,'Ninguno',1,'2023-06-16 23:07:07','2023-06-16 23:07:07'),
(155,14,169,4,'Ninguno',1,'2023-06-16 23:07:07','2023-06-16 23:07:07'),
(156,14,170,4,'Ninguno',1,'2023-06-16 23:07:07','2023-06-16 23:07:07'),
(157,14,171,4,'Ninguno',1,'2023-06-16 23:07:07','2023-06-16 23:07:07'),
(158,14,172,4,'Ninguno',1,'2023-06-16 23:07:07','2023-06-16 23:07:07'),
(159,14,173,4,'Ninguno',1,'2023-06-16 23:07:07','2023-06-16 23:07:07'),
(160,14,174,4,'Ninguno',1,'2023-06-16 23:07:07','2023-06-16 23:07:07'),
(161,14,175,4,'Ninguno',1,'2023-06-16 23:07:07','2023-06-16 23:07:07'),
(162,14,176,4,'Ninguno',1,'2023-06-16 23:07:07','2023-06-16 23:07:07'),
(163,14,177,4,'Ninguno',1,'2023-06-16 23:07:07','2023-06-16 23:07:07'),
(164,14,178,4,'Ninguno',1,'2023-06-16 23:07:07','2023-06-16 23:07:07'),
(165,14,179,4,'Ninguno',1,'2023-06-16 23:07:07','2023-06-16 23:07:07'),
(166,14,180,4,'Ninguno',1,'2023-06-16 23:07:07','2023-06-16 23:07:07'),
(167,14,181,4,'Ninguno',1,'2023-06-16 23:07:07','2023-06-16 23:07:07'),
(168,14,182,4,'Ninguno',1,'2023-06-16 23:07:07','2023-06-16 23:07:07'),
(169,15,23,1,'Ninguno',1,'2023-06-16 23:07:07','2023-06-16 23:07:07'),
(170,15,43,2,'Ninguno',1,'2023-06-16 23:07:07','2023-06-16 23:07:07'),
(171,15,183,3,'Ninguno',1,'2023-06-16 23:07:07','2023-06-16 23:07:07'),
(172,15,184,3,'Ninguno',1,'2023-06-16 23:07:07','2023-06-16 23:07:07'),
(173,7,14,1,'Ninguno',1,'2023-06-16 23:07:07','2023-06-16 23:07:07'),
(174,7,15,1,'Ninguno',1,'2023-06-16 23:07:07','2023-06-16 23:07:07'),
(175,7,17,1,'Ninguno',1,'2023-06-16 23:07:07','2023-06-16 23:07:07'),
(176,7,39,2,'Ninguno',1,'2023-06-16 23:07:07','2023-06-16 23:07:07'),
(177,7,40,2,'Ninguno',1,'2023-06-16 23:07:07','2023-06-16 23:07:07'),
(178,7,185,3,'Ninguno',1,'2023-06-16 23:07:07','2023-06-16 23:07:07'),
(179,7,186,3,'Ninguno',1,'2023-06-16 23:07:07','2023-06-16 23:07:07'),
(180,7,187,3,'Ninguno',1,'2023-06-16 23:07:07','2023-06-16 23:07:07'),
(181,7,188,3,'Ninguno',1,'2023-06-16 23:07:07','2023-06-16 23:07:07'),
(182,7,189,3,'Ninguno',1,'2023-06-16 23:07:07','2023-06-16 23:07:07'),
(183,8,190,3,'Ninguno',1,'2023-06-16 23:07:07','2023-06-16 23:07:07'),
(184,8,191,3,'Ninguno',1,'2023-06-16 23:07:07','2023-06-16 23:07:07'),
(185,8,192,3,'Ninguno',1,'2023-06-16 23:07:07','2023-06-16 23:07:07'),
(186,8,193,4,'Ninguno',1,'2023-06-16 23:07:07','2023-06-16 23:07:07'),
(187,8,194,4,'Ninguno',1,'2023-06-16 23:07:07','2023-06-16 23:07:07'),
(188,9,18,1,'Ninguno',1,'2023-06-16 23:07:07','2023-06-16 23:07:07'),
(189,9,37,2,'Ninguno',1,'2023-06-16 23:07:07','2023-06-16 23:07:07'),
(190,9,38,2,'Ninguno',1,'2023-06-16 23:07:07','2023-06-16 23:07:07'),
(191,9,195,3,'Ninguno',1,'2023-06-16 23:07:07','2023-06-16 23:07:07'),
(192,10,5,1,'Ninguno',1,'2023-06-16 23:07:07','2023-06-16 23:07:07'),
(193,10,196,3,'Ninguno',1,'2023-06-16 23:07:07','2023-06-16 23:07:07'),
(194,10,197,3,'Ninguno',1,'2023-06-16 23:07:07','2023-06-16 23:07:07'),
(195,10,198,4,'Ninguno',1,'2023-06-16 23:07:07','2023-06-16 23:07:07'),
(196,10,199,4,'Ninguno',1,'2023-06-16 23:07:07','2023-06-16 23:07:07'),
(197,10,200,4,'Ninguno',1,'2023-06-16 23:07:07','2023-06-16 23:07:07'),
(198,10,201,4,'Ninguno',1,'2023-06-16 23:07:07','2023-06-16 23:07:07'),
(199,11,202,3,'Ninguno',1,'2023-06-16 23:07:07','2023-06-16 23:07:07'),
(200,11,203,3,'Ninguno',1,'2023-06-16 23:07:07','2023-06-16 23:07:07'),
(201,11,204,3,'Ninguno',1,'2023-06-16 23:07:07','2023-06-16 23:07:07'),
(202,11,205,4,'Ninguno',1,'2023-06-16 23:07:07','2023-06-16 23:07:07'),
(203,11,206,4,'Ninguno',1,'2023-06-16 23:07:07','2023-06-16 23:07:07'),
(204,11,207,4,'Ninguno',1,'2023-06-16 23:07:07','2023-06-16 23:07:07'),
(205,16,8,1,'Ninguno',1,'2023-06-16 23:07:07','2023-06-16 23:07:07'),
(206,16,208,3,'Ninguno',1,'2023-06-16 23:07:07','2023-06-16 23:07:07'),
(207,16,209,3,'Ninguno',1,'2023-06-16 23:07:07','2023-06-16 23:07:07'),
(208,16,210,3,'Ninguno',1,'2023-06-16 23:07:07','2023-06-16 23:07:07'),
(209,16,211,3,'Ninguno',1,'2023-06-16 23:07:07','2023-06-16 23:07:07'),
(210,16,212,3,'Ninguno',1,'2023-06-16 23:07:07','2023-06-16 23:07:07'),
(211,17,11,1,'Ninguno',1,'2023-06-16 23:07:07','2023-06-16 23:07:07'),
(212,17,213,3,'Ninguno',1,'2023-06-16 23:07:07','2023-06-16 23:07:07'),
(213,17,214,3,'Ninguno',1,'2023-06-16 23:07:07','2023-06-16 23:07:07'),
(214,17,215,3,'Ninguno',1,'2023-06-16 23:07:07','2023-06-16 23:07:07'),
(215,17,216,4,'Ninguno',1,'2023-06-16 23:07:07','2023-06-16 23:07:07'),
(216,17,217,4,'Ninguno',1,'2023-06-16 23:07:07','2023-06-16 23:07:07'),
(217,17,218,4,'Ninguno',1,'2023-06-16 23:07:07','2023-06-16 23:07:07'),
(218,17,219,4,'Ninguno',1,'2023-06-16 23:07:07','2023-06-16 23:07:07'),
(219,17,220,4,'Ninguno',1,'2023-06-16 23:07:07','2023-06-16 23:07:07'),
(220,17,221,4,'Ninguno',1,'2023-06-16 23:07:07','2023-06-16 23:07:07'),
(221,18,222,3,'Ninguno',1,'2023-06-16 23:07:07','2023-06-16 23:07:07'),
(222,18,223,3,'Ninguno',1,'2023-06-16 23:07:07','2023-06-16 23:07:07'),
(223,18,224,3,'Ninguno',1,'2023-06-16 23:07:07','2023-06-16 23:07:07'),
(224,18,225,3,'Ninguno',1,'2023-06-16 23:07:07','2023-06-16 23:07:07'),
(225,18,226,3,'Ninguno',1,'2023-06-16 23:07:07','2023-06-16 23:07:07'),
(226,18,227,3,'Ninguno',1,'2023-06-16 23:07:07','2023-06-16 23:07:07'),
(227,18,228,4,'Ninguno',1,'2023-06-16 23:07:07','2023-06-16 23:07:07'),
(228,18,229,4,'Ninguno',1,'2023-06-16 23:07:07','2023-06-16 23:07:07'),
(229,18,230,4,'Ninguno',1,'2023-06-16 23:07:07','2023-06-16 23:07:07'),
(230,18,231,4,'Ninguno',1,'2023-06-16 23:07:07','2023-06-16 23:07:07'),
(231,18,232,4,'Ninguno',1,'2023-06-16 23:07:07','2023-06-16 23:07:07'),
(232,18,233,4,'Ninguno',1,'2023-06-16 23:07:07','2023-06-16 23:07:07'),
(233,19,234,3,'Ninguno',1,'2023-06-16 23:07:07','2023-06-16 23:07:07'),
(234,19,235,3,'Ninguno',1,'2023-06-16 23:07:07','2023-06-16 23:07:07'),
(235,19,236,3,'Ninguno',1,'2023-06-16 23:07:07','2023-06-16 23:07:07'),
(236,19,237,3,'Ninguno',1,'2023-06-16 23:07:07','2023-06-16 23:07:07'),
(237,19,238,4,'Ninguno',1,'2023-06-16 23:07:07','2023-06-16 23:07:07'),
(238,19,239,4,'Ninguno',1,'2023-06-16 23:07:07','2023-06-16 23:07:07'),
(239,20,21,1,'Ninguno',1,'2023-06-16 23:07:07','2023-06-16 23:07:07'),
(240,20,240,3,'Ninguno',1,'2023-06-16 23:07:07','2023-06-16 23:07:07'),
(241,20,241,3,'Ninguno',1,'2023-06-16 23:07:07','2023-06-16 23:07:07'),
(242,20,242,3,'Ninguno',1,'2023-06-16 23:07:07','2023-06-16 23:07:07'),
(243,20,243,3,'Ninguno',1,'2023-06-16 23:07:07','2023-06-16 23:07:07'),
(244,20,244,3,'Ninguno',1,'2023-06-16 23:07:07','2023-06-16 23:07:07'),
(245,20,245,3,'Ninguno',1,'2023-06-16 23:07:07','2023-06-16 23:07:07'),
(246,20,246,3,'Ninguno',1,'2023-06-16 23:07:07','2023-06-16 23:07:07'),
(247,20,247,3,'Ninguno',1,'2023-06-16 23:07:07','2023-06-16 23:07:07'),
(248,20,248,3,'Ninguno',1,'2023-06-16 23:07:07','2023-06-16 23:07:07'),
(249,20,249,3,'Ninguno',1,'2023-06-16 23:07:07','2023-06-16 23:07:07'),
(250,20,250,3,'Ninguno',1,'2023-06-16 23:07:07','2023-06-16 23:07:07'),
(251,20,251,3,'Ninguno',1,'2023-06-16 23:07:07','2023-06-16 23:07:07'),
(252,20,252,3,'Ninguno',1,'2023-06-16 23:07:07','2023-06-16 23:07:07'),
(253,20,253,3,'Ninguno',1,'2023-06-16 23:07:07','2023-06-16 23:07:07'),
(254,20,254,3,'Ninguno',1,'2023-06-16 23:07:07','2023-06-16 23:07:07'),
(255,20,255,3,'Ninguno',1,'2023-06-16 23:07:07','2023-06-16 23:07:07'),
(256,20,256,3,'Ninguno',1,'2023-06-16 23:07:07','2023-06-16 23:07:07'),
(257,20,257,4,'Ninguno',1,'2023-06-16 23:07:07','2023-06-16 23:07:07'),
(258,20,258,4,'Ninguno',1,'2023-06-16 23:07:07','2023-06-16 23:07:07'),
(259,20,259,4,'Ninguno',1,'2023-06-16 23:07:07','2023-06-16 23:07:07'),
(260,20,260,4,'Ninguno',1,'2023-06-16 23:07:07','2023-06-16 23:07:07'),
(261,20,261,4,'Ninguno',1,'2023-06-16 23:07:07','2023-06-16 23:07:07'),
(262,20,262,4,'Ninguno',1,'2023-06-16 23:07:07','2023-06-16 23:07:07'),
(263,20,263,4,'Ninguno',1,'2023-06-16 23:07:07','2023-06-16 23:07:07'),
(264,21,264,3,'Ninguno',1,'2023-06-16 23:07:07','2023-06-16 23:07:07'),
(265,21,265,3,'Ninguno',1,'2023-06-16 23:07:07','2023-06-16 23:07:07');

/*Table structure for table `tb_areasusuarios` */

DROP TABLE IF EXISTS `tb_areasusuarios`;

CREATE TABLE `tb_areasusuarios` (
  `id_areasusuarios` int(10) unsigned NOT NULL AUTO_INCREMENT,
  `area_id` int(10) unsigned NOT NULL,
  `usuario_id` int(10) unsigned NOT NULL,
  `id_registro` int(11) NOT NULL,
  `created_at` timestamp NULL DEFAULT NULL,
  `updated_at` timestamp NULL DEFAULT NULL,
  PRIMARY KEY (`id_areasusuarios`),
  KEY `tb_areasusuarios_area_id_foreign` (`area_id`),
  KEY `tb_areasusuarios_usuario_id_foreign` (`usuario_id`),
  CONSTRAINT `tb_areasusuarios_area_id_foreign` FOREIGN KEY (`area_id`) REFERENCES `tb_areas` (`id_area`),
  CONSTRAINT `tb_areasusuarios_usuario_id_foreign` FOREIGN KEY (`usuario_id`) REFERENCES `tb_usuarios` (`id_usuario`)
) ENGINE=InnoDB AUTO_INCREMENT=66 DEFAULT CHARSET=utf8mb4 COLLATE=utf8mb4_unicode_ci;

/*Data for the table `tb_areasusuarios` */

insert  into `tb_areasusuarios`(`id_areasusuarios`,`area_id`,`usuario_id`,`id_registro`,`created_at`,`updated_at`) values 
(1,1,7,1,'2023-06-16 23:07:07','2023-06-16 23:07:07'),
(2,1,8,1,'2023-06-16 23:07:07','2023-06-16 23:07:07'),
(3,1,9,1,'2023-06-16 23:07:07','2023-06-16 23:07:07'),
(4,2,10,1,'2023-06-16 23:07:07','2023-06-16 23:07:07'),
(5,2,11,1,'2023-06-16 23:07:07','2023-06-16 23:07:07'),
(6,2,12,1,'2023-06-16 23:07:07','2023-06-16 23:07:07'),
(7,3,13,1,'2023-06-16 23:07:07','2023-06-16 23:07:07'),
(8,3,14,1,'2023-06-16 23:07:07','2023-06-16 23:07:07'),
(9,3,15,1,'2023-06-16 23:07:07','2023-06-16 23:07:07'),
(10,4,16,1,'2023-06-16 23:07:07','2023-06-16 23:07:07'),
(11,4,17,1,'2023-06-16 23:07:07','2023-06-16 23:07:07'),
(12,4,18,1,'2023-06-16 23:07:07','2023-06-16 23:07:07'),
(13,5,19,1,'2023-06-16 23:07:07','2023-06-16 23:07:07'),
(14,5,20,1,'2023-06-16 23:07:07','2023-06-16 23:07:07'),
(15,5,21,1,'2023-06-16 23:07:07','2023-06-16 23:07:07'),
(16,6,22,1,'2023-06-16 23:07:07','2023-06-16 23:07:07'),
(17,6,23,1,'2023-06-16 23:07:07','2023-06-16 23:07:07'),
(18,6,24,1,'2023-06-16 23:07:07','2023-06-16 23:07:07'),
(19,7,25,1,'2023-06-16 23:07:07','2023-06-16 23:07:07'),
(20,7,26,1,'2023-06-16 23:07:07','2023-06-16 23:07:07'),
(21,7,27,1,'2023-06-16 23:07:07','2023-06-16 23:07:07'),
(22,8,28,1,'2023-06-16 23:07:07','2023-06-16 23:07:07'),
(23,8,29,1,'2023-06-16 23:07:07','2023-06-16 23:07:07'),
(24,8,30,1,'2023-06-16 23:07:07','2023-06-16 23:07:07'),
(25,9,31,1,'2023-06-16 23:07:07','2023-06-16 23:07:07'),
(26,9,32,1,'2023-06-16 23:07:07','2023-06-16 23:07:07'),
(27,9,33,1,'2023-06-16 23:07:07','2023-06-16 23:07:07'),
(28,10,34,1,'2023-06-16 23:07:07','2023-06-16 23:07:07'),
(29,10,35,1,'2023-06-16 23:07:07','2023-06-16 23:07:07'),
(30,10,36,1,'2023-06-16 23:07:07','2023-06-16 23:07:07'),
(31,11,37,1,'2023-06-16 23:07:07','2023-06-16 23:07:07'),
(32,11,38,1,'2023-06-16 23:07:07','2023-06-16 23:07:07'),
(33,11,39,1,'2023-06-16 23:07:07','2023-06-16 23:07:07'),
(34,12,40,1,'2023-06-16 23:07:07','2023-06-16 23:07:07'),
(35,12,41,1,'2023-06-16 23:07:07','2023-06-16 23:07:07'),
(36,12,42,1,'2023-06-16 23:07:07','2023-06-16 23:07:07'),
(37,13,43,1,'2023-06-16 23:07:07','2023-06-16 23:07:07'),
(38,13,44,1,'2023-06-16 23:07:07','2023-06-16 23:07:07'),
(39,13,45,1,'2023-06-16 23:07:07','2023-06-16 23:07:07'),
(40,14,46,1,'2023-06-16 23:07:07','2023-06-16 23:07:07'),
(41,14,47,1,'2023-06-16 23:07:07','2023-06-16 23:07:07'),
(42,14,48,1,'2023-06-16 23:07:07','2023-06-16 23:07:07'),
(43,15,49,1,'2023-06-16 23:07:07','2023-06-16 23:07:07'),
(44,15,50,1,'2023-06-16 23:07:07','2023-06-16 23:07:07'),
(45,15,51,1,'2023-06-16 23:07:07','2023-06-16 23:07:07'),
(46,16,52,1,'2023-06-16 23:07:07','2023-06-16 23:07:07'),
(47,16,53,1,'2023-06-16 23:07:07','2023-06-16 23:07:07'),
(48,16,54,1,'2023-06-16 23:07:07','2023-06-16 23:07:07'),
(49,17,55,1,'2023-06-16 23:07:07','2023-06-16 23:07:07'),
(50,17,56,1,'2023-06-16 23:07:07','2023-06-16 23:07:07'),
(51,17,57,1,'2023-06-16 23:07:07','2023-06-16 23:07:07'),
(52,18,58,1,'2023-06-16 23:07:07','2023-06-16 23:07:07'),
(53,18,59,1,'2023-06-16 23:07:07','2023-06-16 23:07:07'),
(54,18,60,1,'2023-06-16 23:07:07','2023-06-16 23:07:07'),
(55,19,61,1,'2023-06-16 23:07:07','2023-06-16 23:07:07'),
(56,19,62,1,'2023-06-16 23:07:07','2023-06-16 23:07:07'),
(57,19,63,1,'2023-06-16 23:07:07','2023-06-16 23:07:07'),
(58,20,64,1,'2023-06-16 23:07:07','2023-06-16 23:07:07'),
(59,20,65,1,'2023-06-16 23:07:07','2023-06-16 23:07:07'),
(60,20,66,1,'2023-06-16 23:07:07','2023-06-16 23:07:07'),
(61,21,67,1,'2023-06-16 23:07:07','2023-06-16 23:07:07'),
(62,21,68,1,'2023-06-16 23:07:07','2023-06-16 23:07:07'),
(63,21,69,1,'2023-06-16 23:07:07','2023-06-16 23:07:07'),
(65,2,71,1,'2023-06-16 23:08:29','2023-06-16 23:08:29');

/*Table structure for table `tb_calendarizars` */

DROP TABLE IF EXISTS `tb_calendarizars`;

CREATE TABLE `tb_calendarizars` (
  `id_calendario` int(10) unsigned NOT NULL AUTO_INCREMENT,
  `areameta_id` int(10) unsigned NOT NULL,
  `meses_id` int(10) unsigned NOT NULL,
  `id_registro` int(11) NOT NULL,
  `cantidad` int(11) NOT NULL,
  `activo` tinyint(1) NOT NULL,
  `created_at` timestamp NULL DEFAULT NULL,
  `updated_at` timestamp NULL DEFAULT NULL,
  PRIMARY KEY (`id_calendario`),
  KEY `tb_calendarizars_areameta_id_foreign` (`areameta_id`),
  KEY `tb_calendarizars_meses_id_foreign` (`meses_id`),
  CONSTRAINT `tb_calendarizars_areameta_id_foreign` FOREIGN KEY (`areameta_id`) REFERENCES `tb_areasmetas` (`id_areasmetas`),
  CONSTRAINT `tb_calendarizars_meses_id_foreign` FOREIGN KEY (`meses_id`) REFERENCES `tb_meses` (`id_meses`)
) ENGINE=InnoDB AUTO_INCREMENT=7 DEFAULT CHARSET=utf8mb4 COLLATE=utf8mb4_unicode_ci;

/*Data for the table `tb_calendarizars` */

insert  into `tb_calendarizars`(`id_calendario`,`areameta_id`,`meses_id`,`id_registro`,`cantidad`,`activo`,`created_at`,`updated_at`) values 
(1,54,1,70,24,1,'2023-06-16 23:20:21','2023-06-17 14:35:18'),
(2,1,3,70,23,1,'2023-06-16 23:30:18','2023-06-16 23:30:49'),
(3,2,5,70,96,1,'2023-06-17 14:46:13','2023-06-17 14:46:13'),
(4,3,7,70,100,1,'2023-06-17 17:03:25','2023-06-17 17:03:25'),
(5,4,9,70,23,1,'2023-06-17 18:07:40','2023-06-17 18:07:40'),
(6,42,10,10,12,1,'2023-06-17 18:09:22','2023-06-17 18:09:22');

/*Table structure for table `tb_correo` */

DROP TABLE IF EXISTS `tb_correo`;

CREATE TABLE `tb_correo` (
  `id_correo` int(10) unsigned NOT NULL AUTO_INCREMENT,
  `destinatario` text NOT NULL,
  `asunto` text NOT NULL,
  `contenido` text NOT NULL,
  `remitente` text DEFAULT NULL,
  `fecha_envio` datetime NOT NULL DEFAULT current_timestamp(),
  `created_at` timestamp NULL DEFAULT NULL,
  `updated_at` timestamp NULL DEFAULT NULL,
  PRIMARY KEY (`id_correo`)
) ENGINE=InnoDB AUTO_INCREMENT=2 DEFAULT CHARSET=utf8mb4 COLLATE=utf8mb4_unicode_ci;

/*Data for the table `tb_correo` */

insert  into `tb_correo`(`id_correo`,`destinatario`,`asunto`,`contenido`,`remitente`,`fecha_envio`,`created_at`,`updated_at`) values 
(1,'al222110707@gmail.com','Prueba','Prueba UTVTOL','70','2023-06-17 19:11:46','2023-06-17 19:11:46','2023-06-17 19:11:46');

/*Table structure for table `tb_entregas` */

DROP TABLE IF EXISTS `tb_entregas`;

CREATE TABLE `tb_entregas` (
  `id_entregas` int(10) unsigned NOT NULL AUTO_INCREMENT,
  `areameta_id` int(10) unsigned NOT NULL,
  `meses_id` int(10) unsigned NOT NULL,
  `id_registro` int(11) NOT NULL,
  `cantidad` int(11) NOT NULL,
  `activo` tinyint(1) NOT NULL,
  `created_at` timestamp NULL DEFAULT NULL,
  `updated_at` timestamp NULL DEFAULT NULL,
  PRIMARY KEY (`id_entregas`),
  KEY `tb_entregas_areameta_id_foreign` (`areameta_id`),
  KEY `tb_entregas_meses_id_foreign` (`meses_id`),
  CONSTRAINT `tb_entregas_areameta_id_foreign` FOREIGN KEY (`areameta_id`) REFERENCES `tb_areasmetas` (`id_areasmetas`),
  CONSTRAINT `tb_entregas_meses_id_foreign` FOREIGN KEY (`meses_id`) REFERENCES `tb_meses` (`id_meses`)
) ENGINE=InnoDB AUTO_INCREMENT=6 DEFAULT CHARSET=utf8mb4 COLLATE=utf8mb4_unicode_ci;

/*Data for the table `tb_entregas` */

insert  into `tb_entregas`(`id_entregas`,`areameta_id`,`meses_id`,`id_registro`,`cantidad`,`activo`,`created_at`,`updated_at`) values 
(1,54,2,70,24,1,'2023-06-16 23:24:03','2023-06-17 14:45:18'),
(2,1,4,70,24,1,'2023-06-16 23:31:58','2023-06-17 18:06:04'),
(3,2,6,70,83,1,'2023-06-17 14:46:43','2023-06-17 18:06:20'),
(4,3,8,70,100,1,'2023-06-17 17:03:37','2023-06-17 17:04:48'),
(5,42,11,10,7,1,'2023-06-17 19:08:44','2023-06-17 19:08:44');

/*Table structure for table `tb_meses` */

DROP TABLE IF EXISTS `tb_meses`;

CREATE TABLE `tb_meses` (
  `id_meses` int(10) unsigned NOT NULL AUTO_INCREMENT,
  `m_enero` int(11) NOT NULL,
  `m_febrero` int(11) NOT NULL,
  `m_marzo` int(11) NOT NULL,
  `m_abril` int(11) NOT NULL,
  `m_mayo` int(11) NOT NULL,
  `m_junio` int(11) NOT NULL,
  `m_julio` int(11) NOT NULL,
  `m_agosto` int(11) NOT NULL,
  `m_septiembre` int(11) NOT NULL,
  `m_octubre` int(11) NOT NULL,
  `m_noviembre` int(11) NOT NULL,
  `m_diciembre` int(11) NOT NULL,
  `m_cantidad` int(11) NOT NULL,
  `m_year` year(4) NOT NULL,
  `m_fecha` date NOT NULL,
  `created_at` timestamp NULL DEFAULT NULL,
  `updated_at` timestamp NULL DEFAULT NULL,
  PRIMARY KEY (`id_meses`)
) ENGINE=InnoDB AUTO_INCREMENT=12 DEFAULT CHARSET=utf8mb4 COLLATE=utf8mb4_unicode_ci;

/*Data for the table `tb_meses` */

insert  into `tb_meses`(`id_meses`,`m_enero`,`m_febrero`,`m_marzo`,`m_abril`,`m_mayo`,`m_junio`,`m_julio`,`m_agosto`,`m_septiembre`,`m_octubre`,`m_noviembre`,`m_diciembre`,`m_cantidad`,`m_year`,`m_fecha`,`created_at`,`updated_at`) values 
(1,1,1,1,1,1,1,1,1,1,1,1,13,24,2023,'2023-06-16','2023-06-16 23:20:21','2023-06-17 14:35:18'),
(2,1,1,1,1,1,1,1,1,1,1,1,13,24,2023,'2023-06-16','2023-06-16 23:24:03','2023-06-17 14:45:18'),
(3,1,1,1,1,1,1,1,1,1,1,1,12,23,2023,'2023-06-16','2023-06-16 23:30:18','2023-06-16 23:30:49'),
(4,1,1,1,1,1,2,1,1,1,1,1,12,24,2023,'2023-06-17','2023-06-16 23:31:58','2023-06-17 18:06:04'),
(5,56,6,9,0,8,4,0,4,0,8,0,1,96,2023,'2023-06-17','2023-06-17 14:46:13','2023-06-17 14:46:13'),
(6,56,6,9,0,8,4,0,0,0,0,0,0,83,2023,'2023-06-17','2023-06-17 14:46:43','2023-06-17 18:06:20'),
(7,90,0,0,0,0,5,0,0,0,0,0,5,100,2023,'2023-06-17','2023-06-17 17:03:25','2023-06-17 17:03:25'),
(8,90,0,0,0,0,5,0,0,0,0,5,0,100,2023,'2023-06-17','2023-06-17 17:03:37','2023-06-17 17:04:48'),
(9,4,1,0,9,0,5,0,3,0,0,0,1,23,2023,'2023-06-17','2023-06-17 18:07:40','2023-06-17 18:07:40'),
(10,1,1,1,1,1,1,1,1,1,1,1,1,12,2023,'2023-06-17','2023-06-17 18:09:22','2023-06-17 18:10:24'),
(11,0,0,0,0,0,1,1,1,1,1,1,1,7,2023,'2023-06-17','2023-06-17 19:08:44','2023-06-17 19:08:44');

/*Table structure for table `tb_metas` */

DROP TABLE IF EXISTS `tb_metas`;

CREATE TABLE `tb_metas` (
  `id_meta` int(10) unsigned NOT NULL AUTO_INCREMENT,
  `clave` varchar(30) DEFAULT NULL,
  `nombre` text NOT NULL,
  `descripcion` text DEFAULT NULL,
  `unidadmedida` text DEFAULT NULL,
  `programa_id` int(10) unsigned NOT NULL,
  `activo` tinyint(1) NOT NULL,
  `id_registro` int(11) NOT NULL,
  `created_at` timestamp NULL DEFAULT NULL,
  `updated_at` timestamp NULL DEFAULT NULL,
  PRIMARY KEY (`id_meta`),
  KEY `tb_metas_programa_id_foreign` (`programa_id`),
  CONSTRAINT `tb_metas_programa_id_foreign` FOREIGN KEY (`programa_id`) REFERENCES `tb_programas` (`id_programa`)
) ENGINE=InnoDB AUTO_INCREMENT=266 DEFAULT CHARSET=utf8mb4 COLLATE=utf8mb4_unicode_ci;

/*Data for the table `tb_metas` */

insert  into `tb_metas`(`id_meta`,`clave`,`nombre`,`descripcion`,`unidadmedida`,`programa_id`,`activo`,`id_registro`,`created_at`,`updated_at`) values 
(1,'MET1','Fomentar que los estudiantes egresen de sus estudios de tipo superior en el ciclo escolar','','Egresados',1,1,1,'2023-06-16 23:07:06','2023-06-16 23:07:06'),
(2,'MET2','Atender a la matrícula de educación superior para contribuir en la disminución de las divergencias entre la oferta y la demanda educativa','','Estudiante',1,1,1,'2023-06-16 23:07:06','2023-06-16 23:07:06'),
(3,'MET3','Atender a los estudiantes de nuevo ingreso de educación superior para contribuir en la disminución de las divergencias entre la oferta y la demanda educativa','','Estudiante',1,1,1,'2023-06-16 23:07:06','2023-06-16 23:07:06'),
(4,'MET4','Realizar acciones de formación integral, para desarrollar capacidades, valores y habilidades profesionales','','Acción',1,1,1,'2023-06-16 23:07:06','2023-06-16 23:07:06'),
(5,'MET5','Realizar acciones para fomentar una cultura emprendedora','','Acción',1,1,1,'2023-06-16 23:07:06','2023-06-16 23:07:06'),
(6,'MET6','Acreditar programas educativos en educación superior para mejorar la calidad','','Programa',1,1,1,'2023-06-16 23:07:06','2023-06-16 23:07:06'),
(7,'MET7','Fomentar que los egresados se titulen','','Documento',1,1,1,'2023-06-16 23:07:06','2023-06-16 23:07:06'),
(8,'MET8','Lograr certificaciones en Educación Superior para mejorar la calidad','','Documento',1,1,1,'2023-06-16 23:07:06','2023-06-16 23:07:06'),
(9,'MET9','Impulsar la capacitación o actualización del personal docente para mejorar la formación académica','','Docente',1,1,1,'2023-06-16 23:07:06','2023-06-16 23:07:06'),
(10,'MET10','Evaluar al personal docente con la finalidad de encontrar áreas de oportunidad para mejorar su desempeño','','Docente',1,1,1,'2023-06-16 23:07:06','2023-06-16 23:07:06'),
(11,'MET11','Impulsar la capacitación del personal directivo y administrativo para el fortalecimiento institucional','','Persona',1,1,1,'2023-06-16 23:07:06','2023-06-16 23:07:06'),
(12,'MET12','Desarrollar proyectos de investigación para atender las necesidades de desarrollo tecnológico, económico y social','','Proyecto',1,1,1,'2023-06-16 23:07:06','2023-06-16 23:07:06'),
(13,'MET13','Realizar la publicación de documentos derivados de la investigación para su divulgación','','Publicación',1,1,1,'2023-06-16 23:07:06','2023-06-16 23:07:06'),
(14,'MET14','Realizar acciones de vinculación y extensión que permitan establecer lazos de colaboración con los sectores público, privado y social','','Acción',1,1,1,'2023-06-16 23:07:06','2023-06-16 23:07:06'),
(15,'MET15','Operar convenios con los sectores público, privado y social, para formalizar los lazos de colaboración institucional','','Convenio',1,1,1,'2023-06-16 23:07:06','2023-06-16 23:07:06'),
(16,'MET16','Atender estudiantes en educación Dual para desarrollar aptitudes y habilidades en unidades económicas','','Estudiante',1,1,1,'2023-06-16 23:07:06','2023-06-16 23:07:06'),
(17,'MET17','Impulsar la internacionalización entre la comunidad de la institución para fortalecer la calidad educativa','','Persona',1,1,1,'2023-06-16 23:07:06','2023-06-16 23:07:06'),
(18,'MET18','Contactar egresados en educación superior para identificar su situación profesional','','Egresado',1,1,1,'2023-06-16 23:07:06','2023-06-16 23:07:06'),
(19,'MET19','Impartir el idioma Inglés a los estudiantes en educación superior para el desarrollo de competencias','','Estudiante',1,1,1,'2023-06-16 23:07:06','2023-06-16 23:07:06'),
(20,'MET20','Impulsar la participación de estudiantes de educación superior en procesos de certificación en el idioma Inglés para el desarrollo de competencias','','Estudiante',1,1,1,'2023-06-16 23:07:06','2023-06-16 23:07:06'),
(21,'MET21','Destinar equipo de cómputo el proceso de enseñanza-aprendizaje en educación superior para el desarrollo de las habilidades digitales','','Equipo de computo',1,1,1,'2023-06-16 23:07:06','2023-06-16 23:07:06'),
(22,'MET22','Impulsar la participación  de estudiantes en procesos de certificación en el uso de tecnologías del aprendizaje, conocimiento, información y comunicación  para el desarrollo de competencias y habilidades','','Estudiante',1,1,1,'2023-06-16 23:07:06','2023-06-16 23:07:06'),
(23,'MET23','Realizar acciones para la prevención de la violencia escolar de educación superior','','Acción',1,1,1,'2023-06-16 23:07:06','2023-06-16 23:07:06'),
(24,'MET24','Realizar acciones para igualdad de trato y oportunidades','','Acción',1,1,1,'2023-06-16 23:07:06','2023-06-16 23:07:06'),
(25,'MET25','Realizar auditorías, con el propósito de verificar el cumplimiento del marco normativo que regula el funcionamiento de las dependencias y organismos auxiliares del Ejecutivo Estatal y los Ayuntamientos','','Auditoria',1,1,1,'2023-06-16 23:07:06','2023-06-16 23:07:06'),
(26,'MET26','Realizar auditorías para determinar el grado de eficacia y eficiencia en los procesos, así como el desempeño Institucional de las dependencias y organismos auxiliares del Ejecutivo Estatal','','Evaluación',1,1,1,'2023-06-16 23:07:06','2023-06-16 23:07:06'),
(27,'MET27','Realizar inspecciones a rubros específicos en las dependencias, organismos auxiliares del Ejecutivo Estatal y en su caso Ayuntamientos, con el propósito de constatar el cumplimiento del marco normativo que lo regula','','Inspección',1,1,1,'2023-06-16 23:07:06','2023-06-16 23:07:06'),
(28,'MET28','Participar en testificaciones, con el propósito de asegurarse que los actos administrativos se realicen con forme a la normatividad vigente','','Testificación',1,1,1,'2023-06-16 23:07:06','2023-06-16 23:07:06'),
(29,'MET29','Participación del órgano de control interno en reuniones que por mandato legal o disposición administrativa así lo requiera','','Sesión',1,1,1,'2023-06-16 23:07:06','2023-06-16 23:07:06'),
(30,'MET30','Acompañamiento en la atención de auditorias practicadas por los entes fiscalizadores externos','','Acción',1,1,1,'2023-06-16 23:07:06','2023-06-16 23:07:06'),
(31,'MET31','Atender acciones derivadas de la Fiscalización realizada por entes fiscalizadores externos','','Acción',1,1,1,'2023-06-16 23:07:06','2023-06-16 23:07:06'),
(32,'MET32','Atención a observaciones y acciones de mejora determinadas con motivo de los actos de fiscalización realizados por la Dirección General u Órgano Interno de Control','','Acción',1,1,1,'2023-06-16 23:07:06','2023-06-16 23:07:06'),
(33,'MET33','Elaborar el informe de presunta responsabilidad administrativa','','Informe',1,1,1,'2023-06-16 23:07:06','2023-06-16 23:07:06'),
(34,'MET34','Substanciar investigaciones derivadas de denuncias ciudadanas','','Expediente',1,1,1,'2023-06-16 23:07:06','2023-06-16 23:07:06'),
(35,'MET35','Substanciar investigaciones derivadas de auditoria','','Expediente',1,1,1,'2023-06-16 23:07:06','2023-06-16 23:07:06'),
(36,'MET36','Substanciar investigaciones derivadas de actuación de oficio','','Expediente',1,1,1,'2023-06-16 23:07:06','2023-06-16 23:07:06'),
(37,'MET37','Opinión de Empleadores','','Encuesta Realizada',2,1,1,'2023-06-16 23:07:06','2023-06-16 23:07:06'),
(38,'MET38','Promoción de Egresados en el Mercado Laboral Post Estadía','','Egresado',2,1,1,'2023-06-16 23:07:06','2023-06-16 23:07:06'),
(39,'MET39','Sesiones de Vinculación y Pertinencia','','Reunión Celebrada',2,1,1,'2023-06-16 23:07:06','2023-06-16 23:07:06'),
(40,'MET40','Movilidad Estudiantil Nacional e Internacional','','Estudiante',2,1,1,'2023-06-16 23:07:06','2023-06-16 23:07:06'),
(41,'MET41','Difusión de la Oferta Educativa en Instituciones de Educación Media Superior','','IEMS Visitadas',2,1,1,'2023-06-16 23:07:06','2023-06-16 23:07:06'),
(42,'MET42','Promoción de Planes de Estudio en Eventos de Orientación Vocacional','','Evento o Expo',2,1,1,'2023-06-16 23:07:06','2023-06-16 23:07:06'),
(43,'MET43','Cursos de Educación Continua','','Curso',2,1,1,'2023-06-16 23:07:06','2023-06-16 23:07:06'),
(44,'MET44','Campañas de Prevención de Embarazo, Vacunación y Asistencia Médica','','Campaña',2,1,1,'2023-06-16 23:07:06','2023-06-16 23:07:06'),
(45,'MET45','Seguimiento y Evaluación de los Programas Operativos','','Reporte de Seguimento',2,1,1,'2023-06-16 23:07:06','2023-06-16 23:07:06'),
(46,'MET46','Elaborar Reporte de Indicadores del Modelo de Evaluación de la Calidad (MECASUT) y Evaluación Institucional (EVIN)','','Informe Elaborado',2,1,1,'2023-06-16 23:07:06','2023-06-16 23:07:06'),
(47,'MET47','Informe Anual de Actividades','','Documento Elaborado',2,1,1,'2023-06-16 23:07:06','2023-06-16 23:07:06'),
(48,'MET48','Sesiones de Comités Institucionales','','Sesión',2,1,1,'2023-06-16 23:07:06','2023-06-16 23:07:06'),
(49,'MET49','Encuesta de Satisfacción de Servicios Bibliotecarios','','Informe de la Encuesta',2,1,1,'2023-06-16 23:07:06','2023-06-16 23:07:06'),
(50,'MET50','Alumnos Inscritos a la Biblioteca Digital','','Estudiante',2,1,1,'2023-06-16 23:07:06','2023-06-16 23:07:06'),
(51,'MET51','Legislación Universitaria Publicado','','Documento',2,1,1,'2023-06-16 23:07:06','2023-06-16 23:07:06'),
(52,'MET52','Otorgamiento de Becas','','Estudiante Becado',2,1,1,'2023-06-16 23:07:06','2023-06-16 23:07:06'),
(53,'MET53','Elaborar informe anual de desempeño','','Informe',3,1,1,'2023-06-16 23:07:06','2023-06-16 23:07:06'),
(54,'MET54','Instrumentos de Autoevaluación generados','','Documento',3,1,1,'2023-06-16 23:07:06','2023-06-16 23:07:06'),
(55,'MET55','Instrumentos de Autoevaluación aplicados','','Documento',3,1,1,'2023-06-16 23:07:06','2023-06-16 23:07:06'),
(56,'MET56','Tasa de variación del desempeño institucional para el año t.','','Evaluación',3,1,1,'2023-06-16 23:07:06','2023-06-16 23:07:06'),
(57,'MET57','Tasa de variación del desempeño institucional para el año t.','','Evaluación',3,1,1,'2023-06-16 23:07:06','2023-06-16 23:07:06'),
(58,'MET58','Programa Operativo Anual Federal y Estatal elaborado en congruencia con el PIDE','','Programa',3,1,1,'2023-06-16 23:07:06','2023-06-16 23:07:06'),
(59,'MET59','Seguimiento mensual a programas y proyectos institucionales realizados. (PAT)','','Evaluación',3,1,1,'2023-06-16 23:07:06','2023-06-16 23:07:06'),
(60,'MET60','Informe bimenstral elaborado y presentado al Consejo Directivo.','','Informe',3,1,1,'2023-06-16 23:07:06','2023-06-16 23:07:06'),
(61,'MET61','Informe anual elaborado y presentado al Consejo Directivo','','Informe',3,1,1,'2023-06-16 23:07:06','2023-06-16 23:07:06'),
(62,'MET62','Estadística cuatrimestral elaborada','','Informe',3,1,1,'2023-06-16 23:07:06','2023-06-16 23:07:06'),
(63,'MET63','Estadística anual elaborada','','Informe',3,1,1,'2023-06-16 23:07:06','2023-06-16 23:07:06'),
(64,'MET64','Celebrar sesiones del Comité Interno de Mejora Regulatoria','','Documento',4,1,1,'2023-06-16 23:07:06','2023-06-16 23:07:06'),
(65,'MET65','Integración de estadística 911','','Documento',4,1,1,'2023-06-16 23:07:06','2023-06-16 23:07:06'),
(66,'MET66','Integración de Ficha Técnica Institucional','','Documento',4,1,1,'2023-06-16 23:07:06','2023-06-16 23:07:06'),
(67,'MET67','Integración de informe de Gobierno','','Documento',4,1,1,'2023-06-16 23:07:06','2023-06-16 23:07:06'),
(68,'MET68','Integración del Censo Nacional de Gobierno','','Documento',4,1,1,'2023-06-16 23:07:06','2023-06-16 23:07:06'),
(69,'MET69','Integrar reporte de avance del Programa Anual de Mejora Regulatoria','','Documento',4,1,1,'2023-06-16 23:07:06','2023-06-16 23:07:06'),
(70,'MET70','Elaboración del Programa Anual de Mejora Regulatoria','','Documento',4,1,1,'2023-06-16 23:07:06','2023-06-16 23:07:06'),
(71,'MET71','Actualización de trámites y servicios en el RETyS','','Documento',4,1,1,'2023-06-16 23:07:06','2023-06-16 23:07:06'),
(72,'MET72','Celebrar sesiones del Comité Interno de Ética','','Documento',4,1,1,'2023-06-16 23:07:06','2023-06-16 23:07:06'),
(73,'MET73','Elaboración del Programa Anual de Ética','','Documento',4,1,1,'2023-06-16 23:07:06','2023-06-16 23:07:06'),
(74,'MET74','Campaña de difusión del código de conducta y reglas de integridad','','Documento',4,1,1,'2023-06-16 23:07:06','2023-06-16 23:07:06'),
(75,'MET75','Evaluación anual del código de ética, código de conducta y reglas de integridad','','Documento',4,1,1,'2023-06-16 23:07:06','2023-06-16 23:07:06'),
(76,'MET76','Capacitación de Servidores públicos en materia de ética y cultura de la denuncia','','Capacitación',4,1,1,'2023-06-16 23:07:06','2023-06-16 23:07:06'),
(77,'MET77','Capacitación de Servidores públicos en la implementación de la política estatal anticorrupción','','Documento',4,1,1,'2023-06-16 23:07:06','2023-06-16 23:07:06'),
(78,'MET78','Entrega de reconocimientos a servidores públicos que fomentan una cultura de ética','','Documento',4,1,1,'2023-06-16 23:07:06','2023-06-16 23:07:06'),
(79,'MET79','Evaluación al Comité de Ética','','Documento',4,1,1,'2023-06-16 23:07:06','2023-06-16 23:07:06'),
(80,'MET80','Elaboración del Informe Anual de Ética','','Documento',4,1,1,'2023-06-16 23:07:06','2023-06-16 23:07:06'),
(81,'MET81','Celebrar sesiones del Comité de Transparencia','','Documento',4,1,1,'2023-06-16 23:07:06','2023-06-16 23:07:06'),
(82,'MET82','Integración de los Proyectos de Sistematización y actualización de la información','','Documento',4,1,1,'2023-06-16 23:07:06','2023-06-16 23:07:06'),
(83,'MET83','Seguimiento al cumplimiento de los Proyectos de Sistematización y actualización de la información','','Documento',4,1,1,'2023-06-16 23:07:06','2023-06-16 23:07:06'),
(84,'MET84','Validación de actualización trimestral del IPOMEX','','Documento',4,1,1,'2023-06-16 23:07:06','2023-06-16 23:07:06'),
(85,'MET85','Atención a solicitudes de información a través de: SAIMEX y SARCOEM','','Solicutud',4,1,1,'2023-06-16 23:07:06','2023-06-16 23:07:06'),
(86,'MET86','Celebrar sesiones del Comité Interno de COCODI','','Documento',4,1,1,'2023-06-16 23:07:06','2023-06-16 23:07:06'),
(87,'MET87','Reporte trimestral de Programa de Trabajo de Control Interno y de Administración de Riesgos','','Documento',4,1,1,'2023-06-16 23:07:06','2023-06-16 23:07:06'),
(88,'MET88','Elaboración del Reporte Anual del Programa de Trabajo de Control Interno y de Administración de Riesgos','','Documento',4,1,1,'2023-06-16 23:07:06','2023-06-16 23:07:06'),
(89,'MET89','Elaboración del anteproyecto de presupuesto','','Documento',4,1,1,'2023-06-16 23:07:06','2023-06-16 23:07:06'),
(90,'MET90','Variación de convenios operante','','Convenio',3,1,1,'2023-06-16 23:07:06','2023-06-16 23:07:06'),
(91,'MET91','Análisis de ordenamientos elaborados','','Documento',3,1,1,'2023-06-16 23:07:06','2023-06-16 23:07:06'),
(92,'MET92','Actualización de ordenamientos jurídicos realizadas','','Documento',3,1,1,'2023-06-16 23:07:06','2023-06-16 23:07:06'),
(93,'MET93','Nuevos ordenamientos elaborados y difundidos','','Protocolo',3,1,1,'2023-06-16 23:07:06','2023-06-16 23:07:06'),
(94,'MET94','Auditoría de vigilancia de la NMX-R-025-2015 en Igualdad Laboral y no Discriminación','','Documento',4,1,1,'2023-06-16 23:07:06','2023-06-16 23:07:06'),
(95,'MET95','Comité de Igualdad Laboral y no Discriminación','','Sesión',4,1,1,'2023-06-16 23:07:06','2023-06-16 23:07:06'),
(96,'MET96','Tasa bruta de matriculación en la UTVT','','Estudiante',3,1,1,'2023-06-16 23:07:06','2023-06-16 23:07:06'),
(97,'MET97','Tasa de participación en programas de educación profesionales y tecnológicos en la UTVT en personas de 18-24 años en los últimos 12 meses, por sexo en la Zona de Influencia','','Estudiante',3,1,1,'2023-06-16 23:07:06','2023-06-16 23:07:06'),
(98,'MET98','Porcentaje de jóvenes y adultos inscritos en la UTVT que han alcanzado al menos un nivel mínimo de competencia digital de B1','','Estudiante',3,1,1,'2023-06-16 23:07:06','2023-06-16 23:07:06'),
(99,'MET99','Tasa de logros educativos de jóvenes y adultos por grupo de edad, actividad económica, nivel educativo y orientación del programa (eficiencia terminal)','','Estudiante',3,1,1,'2023-06-16 23:07:06','2023-06-16 23:07:06'),
(100,'MET100','Tasa de egresados competentes por programa educativo','','Estudiante',3,1,1,'2023-06-16 23:07:06','2023-06-16 23:07:06'),
(101,'MET101','Instrumentos para el ingreso por competencias diseñados','','Evaluación',3,1,1,'2023-06-16 23:07:06','2023-06-16 23:07:06'),
(102,'MET102','Instrumentos para el ingreso por competencias implementados','','Evaluación',3,1,1,'2023-06-16 23:07:06','2023-06-16 23:07:06'),
(103,'MET103','Instrumentos para el ingreso por competencias actualizados','','Evaluación',3,1,1,'2023-06-16 23:07:06','2023-06-16 23:07:06'),
(104,'MET104','Valoración cuantitativa y cualitativa de perfiles vocacionales de candidatos a ingreso','','Evaluación',3,1,1,'2023-06-16 23:07:06','2023-06-16 23:07:06'),
(105,'MET105','Tasa de cursos por competencias diseñado por programa educativo','','Curso',3,1,1,'2023-06-16 23:07:06','2023-06-16 23:07:06'),
(106,'MET106','Tasa de cursos por competencias impartido por programa educativo','','Curso',3,1,1,'2023-06-16 23:07:06','2023-06-16 23:07:06'),
(107,'MET107','Tasa de cursos por competencias actualizado por programa educativo','','Curso',3,1,1,'2023-06-16 23:07:06','2023-06-16 23:07:06'),
(108,'MET108','Tasa de programas educativos con examen de egreso basado en competencias','','Curso',3,1,1,'2023-06-16 23:07:06','2023-06-16 23:07:06'),
(109,'MET109','Porcentaje de egresados con examen de egreso por competencias aprobado por programa educativo','','Evaluación',3,1,1,'2023-06-16 23:07:06','2023-06-16 23:07:06'),
(110,'MET110','Grado de coincidencia entre necesidades de las organizaciones y perfiles de alumnos en estadía','','Evaluación',3,1,1,'2023-06-16 23:07:06','2023-06-16 23:07:06'),
(111,'MET111','Investigaciones desarrolladas por docentes y alumnos de la UTVT','','Investigación',3,1,1,'2023-06-16 23:07:06','2023-06-16 23:07:06'),
(112,'MET112','Artículos e investigaciones en revistas científicas indizadas','','Investigación',3,1,1,'2023-06-16 23:07:06','2023-06-16 23:07:06'),
(113,'MET113','Artículos e investigaciones en revistas arbitraria','','Investigación',3,1,1,'2023-06-16 23:07:06','2023-06-16 23:07:06'),
(114,'MET114','Proporción de grupos entre 25 y 35 alumnos','','Estudiante',3,1,1,'2023-06-16 23:07:06','2023-06-16 23:07:06'),
(115,'MET115','Capacidad instalada por turno','','Inmueble',3,1,1,'2023-06-16 23:07:06','2023-06-16 23:07:06'),
(116,'MET116','Vacantes ofertadas por programa educativo en el ciclo escolar n cuatrimestre septiembre-diciembre','','Inmueble',3,1,1,'2023-06-16 23:07:06','2023-06-16 23:07:06'),
(117,'MET117','Alumnos que egresan por programa educativo en el ciclo escolar n-1 cuatrimestre enero-abril (ING)','','Estudiante',3,1,1,'2023-06-16 23:07:06','2023-06-16 23:07:06'),
(118,'MET118','Alumnos que egresan por programa educativo en el ciclo escolar n-1 cuatrimestre mayo-agosto (TSU)','','Estudiante',3,1,1,'2023-06-16 23:07:06','2023-06-16 23:07:06'),
(119,'MET119','Alumnos de TSU por programa educativo en el ciclo escolar n-1 cuatrimestre enero-abril dados de baja o no reinscritos','','Estudiante',3,1,1,'2023-06-16 23:07:06','2023-06-16 23:07:06'),
(120,'MET120','Alumnos de Ingeniería por programa educativo en el ciclo escolar n-1 cuatrimestre enero-abril dados de baja o no reinscritos','','Estudiante',3,1,1,'2023-06-16 23:07:06','2023-06-16 23:07:06'),
(121,'MET121','Alumnos de TSU por programa educativo en el ciclo escolar n-1 cuatrimestre mayo-agosto dados de baja o no reinscritos','','Estudiante',3,1,1,'2023-06-16 23:07:06','2023-06-16 23:07:06'),
(122,'MET122','Alumnos de Ingeniería por programa educativo en el ciclo escolar n-1 cuatrimestre mayo-agosto dados de baja o no inscritos','','Estudiante',3,1,1,'2023-06-16 23:07:06','2023-06-16 23:07:06'),
(123,'MET123','Número de grupos aperturados por cuatrimestre por programa educativo para TSU e Ingeniería por cuatrimestre','','Aula',3,1,1,'2023-06-16 23:07:06','2023-06-16 23:07:06'),
(124,'MET124','Tasa de crecimiento de matrícula ciclo n.','','Estudiante',3,1,1,'2023-06-16 23:07:06','2023-06-16 23:07:06'),
(125,'MET125','Diferencial entre la tasa de crecimiento alcanzada contra el pronóstico de 3.75% anual','','Estudiante',3,1,1,'2023-06-16 23:07:06','2023-06-16 23:07:06'),
(126,'MET126','Porcentaje de actualización de acervo bibliográfico','','Artículo',3,1,1,'2023-06-16 23:07:06','2023-06-16 23:07:06'),
(127,'MET127','Eventos académicos realizados','','Evento',3,1,1,'2023-06-16 23:07:06','2023-06-16 23:07:06'),
(128,'MET128','Juntas de academia realizadas','','Reunión',3,1,1,'2023-06-16 23:07:06','2023-06-16 23:07:06'),
(129,'MET129','Reuniones colegiadas realizadas','','Reunión',3,1,1,'2023-06-16 23:07:06','2023-06-16 23:07:06'),
(130,'MET130','Variación en el tipo de becas ofertadas','','Beca',3,1,1,'2023-06-16 23:07:06','2023-06-16 23:07:06'),
(131,'MET131','Evaluaciones externas del PAE para la UTVT realizadas','','Evaluación',3,1,1,'2023-06-16 23:07:06','2023-06-16 23:07:06'),
(132,'MET132','Indicadores socioeconómicos de la región actualizados anualmente','','Estudio',3,1,1,'2023-06-16 23:07:06','2023-06-16 23:07:06'),
(133,'MET133','Estudios de factibilidad y de mercado para carreras de la Universidad realizados','','Estudio',3,1,1,'2023-06-16 23:07:06','2023-06-16 23:07:06'),
(134,'MET134','Tasa de coincidencia del perfil de egreso con las competencias del egresado','','Egresado',3,1,1,'2023-06-16 23:07:06','2023-06-16 23:07:06'),
(135,'MET135','Tasa de egresados competentes por programa educativo','','Documento',3,1,1,'2023-06-16 23:07:06','2023-06-16 23:07:06'),
(136,'MET136','Índice de factibilidad y calidad laboral del programa educativo x','','Programa',3,1,1,'2023-06-16 23:07:06','2023-06-16 23:07:06'),
(137,'MET137','Tasa de planeaciones didácticas adecuadas a necesidades regionales','','Programa',3,1,1,'2023-06-16 23:07:06','2023-06-16 23:07:06'),
(138,'MET138','Tasa de actualización de programas educativos','','Programa',3,1,1,'2023-06-16 23:07:06','2023-06-16 23:07:06'),
(139,'MET139','Tasa de actualización de planes educativos','','Programa',3,1,1,'2023-06-16 23:07:06','2023-06-16 23:07:06'),
(140,'MET140','Tasa de programas educativos con contenidos validados por el sector público, privado y social','','Documento',3,1,1,'2023-06-16 23:07:06','2023-06-16 23:07:06'),
(141,'MET141','Tasa de programas educativos con contenidos validados por el sector público, privado y social','','Programa',3,1,1,'2023-06-16 23:07:06','2023-06-16 23:07:06'),
(142,'MET142','Promedio de satisfacción de la capacidad del egresado para desempeñar su trabajo adecuadamente por programa educativo','','Estudiante',3,1,1,'2023-06-16 23:07:06','2023-06-16 23:07:06'),
(143,'MET143','Proporción de Profesores de tiempo completo (PTC)','','Docente',3,1,1,'2023-06-16 23:07:06','2023-06-16 23:07:06'),
(144,'MET144','Proporción de Profesores con estudios de posgrado: maestría y doctorado a fin al programa educativo x','','Docente',3,1,1,'2023-06-16 23:07:06','2023-06-16 23:07:06'),
(145,'MET145','Proporción de Profesores capacitados por la UTVT en temas afines a su docencia','','Docente',3,1,1,'2023-06-16 23:07:06','2023-06-16 23:07:06'),
(146,'MET146','Proporción de PTC´s con Licenciatura becados para estudiar Maestría','','Docente',3,1,1,'2023-06-16 23:07:06','2023-06-16 23:07:06'),
(147,'MET147','Proporción de PTC´s con Maestría becados para estudiar Doctorado','','Docente',3,1,1,'2023-06-16 23:07:06','2023-06-16 23:07:06'),
(148,'MET148','Proporción de PTC´s con posgrado par programa educativo','','Docente',3,1,1,'2023-06-16 23:07:06','2023-06-16 23:07:06'),
(149,'MET149','Cantidad de alumnos por PTC con posgrado por programa educativo','','Estudiante',3,1,1,'2023-06-16 23:07:06','2023-06-16 23:07:06'),
(150,'MET150','Proporción de Docentes (PTC y PA) capacitados en habilidades y técnicas didácticas por cuatrimestre','','Docente',3,1,1,'2023-06-16 23:07:06','2023-06-16 23:07:06'),
(151,'MET151','Total de alumnos en educación dual por año y programa educativo','','Estudiante',3,1,1,'2023-06-16 23:07:06','2023-06-16 23:07:06'),
(152,'MET152','Variación de alumnos en educación dual por año','','Estudiante',3,1,1,'2023-06-16 23:07:06','2023-06-16 23:07:06'),
(153,'MET153','Tasa de logros educativos de jóvenes y adultos por grupo de edad, actividad económica, nivel educativo y orientación del programa (eficiencia terminal)','','Egresado',3,1,1,'2023-06-16 23:07:06','2023-06-16 23:07:06'),
(154,'MET154','Porcentaje de estudiantes con algún tipo de beca','','Beneficiario',3,1,1,'2023-06-16 23:07:06','2023-06-16 23:07:06'),
(155,'MET155','Cobertura de la bibliografía básica y complementaria mencionada en los programas de asignatura de los planes de estudio','','Biblioteca',3,1,1,'2023-06-16 23:07:06','2023-06-16 23:07:06'),
(156,'MET156','Porcentaje de estudiantes con algún tipo de beca','','Beneficiario',4,1,1,'2023-06-16 23:07:06','2023-06-16 23:07:06'),
(157,'MET157','Cobertura de la bibliografía básica y complementaria mencionada en los programas de asignatura de los planes de estudio','','Biblioteca',4,1,1,'2023-06-16 23:07:06','2023-06-16 23:07:06'),
(158,'MET158','Promedio de satisfacción de los estudiantes con los servicios de apoyo psicológico de la UTVT','','Biblioteca',4,1,1,'2023-06-16 23:07:06','2023-06-16 23:07:06'),
(159,'MET159','Firma de Convenios con el Sector Productivo y de Servicios','','Convenio',4,1,1,'2023-06-16 23:07:06','2023-06-16 23:07:06'),
(160,'MET160','Empleabilidad de Egresados del Modelo de Educación Dual','','Egresado empleado',4,1,1,'2023-06-16 23:07:06','2023-06-16 23:07:06'),
(161,'MET161','Reuniones con representantes estudiantiles “Charla entre cuervos\"','','Reunión',4,1,1,'2023-06-16 23:07:06','2023-06-16 23:07:06'),
(162,'MET162','Número de actividades de difusión realizadas','','Publicación',3,1,1,'2023-06-16 23:07:06','2023-06-16 23:07:06'),
(163,'MET163','Número de actualizaciones a la página web de la universidad y redes sociales realizada','','Publicación',3,1,1,'2023-06-16 23:07:06','2023-06-16 23:07:06'),
(164,'MET164','Actividades de identidad universitaria realizadas','','Publicación',3,1,1,'2023-06-16 23:07:06','2023-06-16 23:07:06'),
(165,'MET165','Publicación y actualización de información general en la página web de la Universidad','','Beneficiario',4,1,1,'2023-06-16 23:07:06','2023-06-16 23:07:06'),
(166,'MET166','Publicación de información en la página de Facebook y Twitter (Notas informativas)','','Biblioteca',4,1,1,'2023-06-16 23:07:06','2023-06-16 23:07:06'),
(167,'MET167','Diseño de Campaña Publicitaria de la Convocatoria de Ingreso 2021 (Evidencia Digital del Diseño)','','Beneficiario',4,1,1,'2023-06-16 23:07:06','2023-06-16 23:07:06'),
(168,'MET168','Difusión a las IEMS de manera virtual sobre el modelo educativo de la universidad (Plática Virtual y/o presencial)','','Publicación',4,1,1,'2023-06-16 23:07:06','2023-06-16 23:07:06'),
(169,'MET169','Asistencia de manera virtual a exposiciones organizadas por IEMS para dar a conocer la convocatoria (Expo virtual y/o presencial)','','Publicación',4,1,1,'2023-06-16 23:07:06','2023-06-16 23:07:06'),
(170,'MET170','Publicación y actualización de información general en la página web de la Universidad (comprobaciones fiscales)','','Publicación',4,1,1,'2023-06-16 23:07:06','2023-06-16 23:07:06'),
(171,'MET171','Orientación informativa a través de la página oficial de Facebook, Twitter e Instagram (Captura de pantalla)','','Publicación',4,1,1,'2023-06-16 23:07:06','2023-06-16 23:07:06'),
(172,'MET172','Diseño de diversos materiales (credenciales de estudiantes y personal, corbatines, carteles, folletos, volantes, efemérides, lonas, vinilonas, pendones y banners) (Evidencia digital del diseño)','','Publicación',4,1,1,'2023-06-16 23:07:06','2023-06-16 23:07:06'),
(173,'MET173','Diseño de convocatorias culturales y deportivas y Educación Continua. (Evidencia digital del diseño)','','Publicación',4,1,1,'2023-06-16 23:07:06','2023-06-16 23:07:06'),
(174,'MET174','Difusión de Educación Dual','','Publicación',4,1,1,'2023-06-16 23:07:06','2023-06-16 23:07:06'),
(175,'MET175','Actualización en la plataforma IPOMEX cada trimestre. (Evidencia digital de la actualización)','','Publicación',4,1,1,'2023-06-16 23:07:06','2023-06-16 23:07:06'),
(176,'MET176','Realización de videos institucionales (Evidencia digital)','','Publicación',4,1,1,'2023-06-16 23:07:06','2023-06-16 23:07:06'),
(177,'MET177','Realización del informe anual de Rectoría 2021 (Evidencia digital del diseño y/o video)','','Publicación',4,1,1,'2023-06-16 23:07:06','2023-06-16 23:07:06'),
(178,'MET178','Solicitud de dictamen técnico de la Convocatoria de Ingreso 2021 (Evidencia digital del oficio)','','Publicación',4,1,1,'2023-06-16 23:07:06','2023-06-16 23:07:06'),
(179,'MET179','Campaña \"Promocional de los Programas Educativos\"','','Publicación',4,1,1,'2023-06-16 23:07:06','2023-06-16 23:07:06'),
(180,'MET180','Publicación de convocatorias internas y externas en la página web de la Universidad','','Publicación',4,1,1,'2023-06-16 23:07:06','2023-06-16 23:07:06'),
(181,'MET181','Realización de \"Podcast Universitarios\"','','Publicación',4,1,1,'2023-06-16 23:07:06','2023-06-16 23:07:06'),
(182,'MET182','Campaña \"Aniversario XXI UTVT\"','','Publicación',4,1,1,'2023-06-16 23:07:06','2023-06-16 23:07:06'),
(183,'MET183','Actividades de identidad universitaria realizadas','','Curso',3,1,1,'2023-06-16 23:07:06','2023-06-16 23:07:06'),
(184,'MET184','Actividades de identidad universitaria realizadas','','Convocatoria',3,1,1,'2023-06-16 23:07:06','2023-06-16 23:07:06'),
(185,'MET185','Beneficios obtenidos para la UTVT a partir de convenio','','Convenio',3,1,1,'2023-06-16 23:07:06','2023-06-16 23:07:06'),
(186,'MET186','Monto económico generado por convenios','','Convenio',3,1,1,'2023-06-16 23:07:06','2023-06-16 23:07:06'),
(187,'MET187','Alumnos en movilidad universitaria por tipo','','Alumno',3,1,1,'2023-06-16 23:07:06','2023-06-16 23:07:06'),
(188,'MET188','Vacantes ofertadas en la Bolsa de Trabajo de la UTVT por semestre','','Empleo',3,1,1,'2023-06-16 23:07:06','2023-06-16 23:07:06'),
(189,'MET189','Variación de convenios operantes','','Convenio',3,1,1,'2023-06-16 23:07:06','2023-06-16 23:07:06'),
(190,'MET190','Servicios tecnológicos prestados a externos','','Servicio',3,1,1,'2023-06-16 23:07:06','2023-06-16 23:07:06'),
(191,'MET191','Ingresos generados por servicios tecnológicos prestados a externos','','Informe',3,1,1,'2023-06-16 23:07:06','2023-06-16 23:07:06'),
(192,'MET192','Actividades de servicios tecnológicos organizadas y difundidas','','Actividades',3,1,1,'2023-06-16 23:07:06','2023-06-16 23:07:06'),
(193,'MET193','Prestar servicios tecnológicos de laboratorios al sector público, privado y social','','Servicio',4,1,1,'2023-06-16 23:07:06','2023-06-16 23:07:06'),
(194,'MET194','Difusión y promoción de servicios tecnológicos en los sectores público, privado y social','','Visita',4,1,1,'2023-06-16 23:07:06','2023-06-16 23:07:06'),
(195,'MET195','Variación de egresados ocupados con Nivel Salarial F.','','Egresado',3,1,1,'2023-06-16 23:07:06','2023-06-16 23:07:06'),
(196,'MET196','Servicios de innovación, desarrollo de negocios y emprendimiento entregados a externos','','Asesoría',3,1,1,'2023-06-16 23:07:06','2023-06-16 23:07:06'),
(197,'MET197','Ingresos generados por servicios de innovación, desarrollo de negocios y emprendimiento entregados a externos','','Informe',3,1,1,'2023-06-16 23:07:06','2023-06-16 23:07:06'),
(198,'MET198','Asesorías a Proyectos en proceso de incubación','','Asesoría',4,1,1,'2023-06-16 23:07:06','2023-06-16 23:07:06'),
(199,'MET199','Asesorías en Propiedad intelectual','','Asesoría',4,1,1,'2023-06-16 23:07:06','2023-06-16 23:07:06'),
(200,'MET200','Registros de marca','','Trámite',4,1,1,'2023-06-16 23:07:06','2023-06-16 23:07:06'),
(201,'MET201','Desarrollo e implementación de un Programa de Cursos, Asesorías, y de Servicios de Emprendimiento','','Programa',4,1,1,'2023-06-16 23:07:06','2023-06-16 23:07:06'),
(202,'MET202','Certificaciones de los Estándares de Competencia Laboral de CONOCER otorgadas a externos','','Certificado',3,1,1,'2023-06-16 23:07:06','2023-06-16 23:07:06'),
(203,'MET203','Ingresos generados por servicios de Certificación de Estándares de Competencia Laboral de CONOCER otorgados a externos','','Informe',3,1,1,'2023-06-16 23:07:06','2023-06-16 23:07:06'),
(204,'MET204','Proporción de egresados con al menos un Estándar de Competencia Laboral Certificado por CONOCER por promoción educativa','','Certificado',3,1,1,'2023-06-16 23:07:06','2023-06-16 23:07:06'),
(205,'MET205','Cursos de alineación de estándar de competencia','','Curso',4,1,1,'2023-06-16 23:07:06','2023-06-16 23:07:06'),
(206,'MET206','Entrega de certificados de competencia Laboral','','Trámite',4,1,1,'2023-06-16 23:07:06','2023-06-16 23:07:06'),
(207,'MET207','Auditoría externa anual de la Entidad de Certificación y Evaluación por parte de CONOCER','','Auditoría',4,1,1,'2023-06-16 23:07:06','2023-06-16 23:07:06'),
(208,'MET208','Cursos de capacitación del SGI impartidos al personal','','Curso',3,1,1,'2023-06-16 23:07:06','2023-06-16 23:07:06'),
(209,'MET209','Acciones de difusión del SGI realizadas','','Capacitación',3,1,1,'2023-06-16 23:07:06','2023-06-16 23:07:06'),
(210,'MET210','Número de mejoras implementadas','','Documento',3,1,1,'2023-06-16 23:07:06','2023-06-16 23:07:06'),
(211,'MET211','Número de auditorías y evaluaciones al SGI realizadas','','Auditoría Interna',3,1,1,'2023-06-16 23:07:06','2023-06-16 23:07:06'),
(212,'MET212','Número de auditorías y evaluaciones al SGI realizadas','','Auditoría Externa',3,1,1,'2023-06-16 23:07:06','2023-06-16 23:07:06'),
(213,'MET213','Número de cursos de capacitación administrativa ofertados','','Persona',3,1,1,'2023-06-16 23:07:06','2023-06-16 23:07:06'),
(214,'MET214','Porcentaje de personal administrativo con al menos un curso de capacitación semestral al año','','Persona',3,1,1,'2023-06-16 23:07:06','2023-06-16 23:07:06'),
(215,'MET215','Personal administrativo certificado en sus funciones','','Persona',3,1,1,'2023-06-16 23:07:06','2023-06-16 23:07:06'),
(216,'MET216','Pago de nómina','','Documento',4,1,1,'2023-06-16 23:07:06','2023-06-16 23:07:06'),
(217,'MET217','Pago mensual de plazas','','Reporte',4,1,1,'2023-06-16 23:07:06','2023-06-16 23:07:06'),
(218,'MET218','Reporte OSFEM','','Reporte',4,1,1,'2023-06-16 23:07:06','2023-06-16 23:07:06'),
(219,'MET219','Reporte Artículo 36','','Reporte',4,1,1,'2023-06-16 23:07:06','2023-06-16 23:07:06'),
(220,'MET220','Trámite de pago ISR','','Documento',4,1,1,'2023-06-16 23:07:06','2023-06-16 23:07:06'),
(221,'MET221','Trámite de pago ISSEMYM','','Documento',4,1,1,'2023-06-16 23:07:06','2023-06-16 23:07:06'),
(222,'MET222','Porcentaje del presupuesto ejercido contra autorizado','','Porcentaje',3,1,1,'2023-06-16 23:07:06','2023-06-16 23:07:06'),
(223,'MET223','Control de inventarios físicos anuales realizados','','Acta',3,1,1,'2023-06-16 23:07:06','2023-06-16 23:07:06'),
(224,'MET224','Licitaciones públicas realizadas','','Acta',3,1,1,'2023-06-16 23:07:06','2023-06-16 23:07:06'),
(225,'MET225','Porcentaje de auditorías internas realizadas sin observaciones','','Porcentaje',3,1,1,'2023-06-16 23:07:06','2023-06-16 23:07:06'),
(226,'MET226','Procesos adquisitivos. Realizados en tiempo y forma','','Documento',3,1,1,'2023-06-16 23:07:06','2023-06-16 23:07:06'),
(227,'MET227','Total de equipos y máquinas de laboratorio con más de 5 años de vida por cuatrimestre','','Informe',3,1,1,'2023-06-16 23:07:06','2023-06-16 23:07:06'),
(228,'MET228','Revisar y proporcionar información al sistema IPOMEX','','Programa',4,1,1,'2023-06-16 23:07:06','2023-06-16 23:07:06'),
(229,'MET229','Establecer estrategias para la recepción ordenada del formato R-GRE01','','Documento',4,1,1,'2023-06-16 23:07:06','2023-06-16 23:07:06'),
(230,'MET230','Realizar Informe entradas y salidas de almacén','','Informe',4,1,1,'2023-06-16 23:07:06','2023-06-16 23:07:06'),
(231,'MET231','Registro en el Sistema de Trazabilidad del Estado de México','','Informe',4,1,1,'2023-06-16 23:07:06','2023-06-16 23:07:06'),
(232,'MET232','Comité de Adquisiciones y Servicios','','Informe',4,1,1,'2023-06-16 23:07:06','2023-06-16 23:07:06'),
(233,'MET233','Comité de Adquisiciones, Arrendamientos y Servicios','','Informe',4,1,1,'2023-06-16 23:07:06','2023-06-16 23:07:06'),
(234,'MET234','Proporción de cubículos por PTC´s.','','Servicio',3,1,1,'2023-06-16 23:07:06','2023-06-16 23:07:06'),
(235,'MET235','Salas de maestros por programa educativo','','Servicio',3,1,1,'2023-06-16 23:07:06','2023-06-16 23:07:06'),
(236,'MET236','Cobertura de instalaciones con mantenimiento preventivo por año','','Informe',3,1,1,'2023-06-16 23:07:06','2023-06-16 23:07:06'),
(237,'MET237','Cobertura de instalaciones con mantenimiento correctivo por año','','Servicio',3,1,1,'2023-06-16 23:07:06','2023-06-16 23:07:06'),
(238,'MET238','Actualización de IPOMEX','','Informe',4,1,1,'2023-06-16 23:07:06','2023-06-16 23:07:06'),
(239,'MET239','Mantenimiento a infraestructura de acuerdo a los requisitos de la Norma Mexicana NMX-R-025-SCFI-2015, en Igualdad General y no Discriminación','','Informe',4,1,1,'2023-06-16 23:07:06','2023-06-16 23:07:06'),
(240,'MET240','Total de equipos de cómputo con más de 3 años de vida por cuatrimestre','','Equipo de Cómputo',3,1,1,'2023-06-16 23:07:06','2023-06-16 23:07:06'),
(241,'MET241','Tasa de obsolencia de equipos de cómputo','','Equipo de Cómputo',3,1,1,'2023-06-16 23:07:06','2023-06-16 23:07:06'),
(242,'MET242','Total de equipos de cómputo','','Equipo de Cómputo',3,1,1,'2023-06-16 23:07:06','2023-06-16 23:07:06'),
(243,'MET243','Cobertura de equipos de cómputo pata PTC´s','','Equipo de Cómputo',3,1,1,'2023-06-16 23:07:06','2023-06-16 23:07:06'),
(244,'MET244','Cobertura de equipos de cómputo para PA´s','','Equipo de Cómputo',3,1,1,'2023-06-16 23:07:06','2023-06-16 23:07:06'),
(245,'MET245','Cobertura de equipos de cómputo para Personal Administrativo','','Equipo de Cómputo',3,1,1,'2023-06-16 23:07:06','2023-06-16 23:07:06'),
(246,'MET246','Cobertura de equipos de cómputo para Directivo','','Equipo de Cómputo',3,1,1,'2023-06-16 23:07:06','2023-06-16 23:07:06'),
(247,'MET247','Cobertura de equipos de cómputo en espacios comunes (auditorios, salas, etc.)','','Equipo de Cómputo',3,1,1,'2023-06-16 23:07:06','2023-06-16 23:07:06'),
(248,'MET248','Total de equipos audiovisuales con más de tres años de vida por cuatrimestre','','Equipo de Cómputo',3,1,1,'2023-06-16 23:07:06','2023-06-16 23:07:06'),
(249,'MET249','Tasa de obsolencia de equipos audiovisuales','','Porcentaje',3,1,1,'2023-06-16 23:07:06','2023-06-16 23:07:06'),
(250,'MET250','Cobertura de equipos audiovisuales en aulas, laboratorios, auditorios y salas de juntas','','Porcentaje',3,1,1,'2023-06-16 23:07:06','2023-06-16 23:07:06'),
(251,'MET251','Porcentaje de equipos de cómputo con conexión a internet','','Porcentaje',3,1,1,'2023-06-16 23:07:06','2023-06-16 23:07:06'),
(252,'MET252','Promedio de velocidad de conexión wifi en el campus','','Porcentaje',3,1,1,'2023-06-16 23:07:06','2023-06-16 23:07:06'),
(253,'MET253','Tasa de variación en el incremento del promedio anual de velocidad de conexión wifi en el campus','','Porcentaje',3,1,1,'2023-06-16 23:07:06','2023-06-16 23:07:06'),
(254,'MET254','Relación de software adquirido','','Software',3,1,1,'2023-06-16 23:07:06','2023-06-16 23:07:06'),
(255,'MET255','Inventario de software instalado en equipos de cómputo','','Software',3,1,1,'2023-06-16 23:07:06','2023-06-16 23:07:06'),
(256,'MET256','Porcentaje de software con licencia utilizado en equipos de cómputo','','Porcentaje',3,1,1,'2023-06-16 23:07:06','2023-06-16 23:07:06'),
(257,'MET257','Sesiones Ordinarias Comité Interno de Gobierno Digital','','Servicio',4,1,1,'2023-06-16 23:07:06','2023-06-16 23:07:06'),
(258,'MET258','Mantenimiento preventivo a Servidores','','Servicio',4,1,1,'2023-06-16 23:07:06','2023-06-16 23:07:06'),
(259,'MET259','Mantenimiento preventivo a infraestructura de Señalización Digital','','Servicio',4,1,1,'2023-06-16 23:07:06','2023-06-16 23:07:06'),
(260,'MET260','Mantenimiento preventivo a infraestructura de Redes','','Servicio',4,1,1,'2023-06-16 23:07:06','2023-06-16 23:07:06'),
(261,'MET261','Mantenimiento preventivo a infraestructura exterior de CCTV','','Servicio',4,1,1,'2023-06-16 23:07:06','2023-06-16 23:07:06'),
(262,'MET262','Mantenimiento preventivo a infraestructura de Telefonía','','Servicio',4,1,1,'2023-06-16 23:07:06','2023-06-16 23:07:06'),
(263,'MET263','Presentación de la Norma Mexicana en Igualdad Laboral y No Discriminación impartida a todo el personal adscrito al Departamento de Sistemas','','Capacitación',4,1,70,'2023-06-16 23:07:06','2023-06-16 23:18:06'),
(264,'MET264','Cobertura de equipos de cómputo en aulas','','Equipo de Cómputo',3,1,1,'2023-06-16 23:07:06','2023-06-16 23:07:06'),
(265,'MET265','Estados financieros dictaminados','','Documento',3,1,1,'2023-06-16 23:07:06','2023-06-16 23:07:06');

/*Table structure for table `tb_programas` */

DROP TABLE IF EXISTS `tb_programas`;

CREATE TABLE `tb_programas` (
  `id_programa` int(10) unsigned NOT NULL AUTO_INCREMENT,
  `abreviatura` varchar(30) NOT NULL,
  `nombre` varchar(255) NOT NULL,
  `descripcion` text DEFAULT NULL,
  `activo` tinyint(1) NOT NULL,
  `id_registro` int(11) DEFAULT NULL,
  `created_at` timestamp NULL DEFAULT NULL,
  `updated_at` timestamp NULL DEFAULT NULL,
  PRIMARY KEY (`id_programa`)
) ENGINE=InnoDB AUTO_INCREMENT=6 DEFAULT CHARSET=utf8mb4 COLLATE=utf8mb4_unicode_ci;

/*Data for the table `tb_programas` */

insert  into `tb_programas`(`id_programa`,`abreviatura`,`nombre`,`descripcion`,`activo`,`id_registro`,`created_at`,`updated_at`) values 
(1,'SIPREP','Sistema de Presentación del Dictamen de estados financieros para efectos fiscales','Es un programa diseñado por el SAT para apoyar al contribuyente en la presentación de los dictámenes fiscales a través de internet facilitando el cumplimiento oportuno de sus obligaciones fiscales',1,1,'2023-06-16 23:07:06','2023-06-16 23:07:06'),
(2,'POA Federal','Programa Operativo Anual','Presupuestar los recursos financieros necesarios para el cumplimiento de las metas del Programa de Trabajo Anual (PTA), mediante acciones programadas, por procesos estratégicos y clave',1,1,'2023-06-16 23:07:06','2023-06-16 23:07:06'),
(3,'PIDE','Programa Institucional de Desarrollo','Programa Institucional de Desarrollo',1,1,'2023-06-16 23:07:06','2023-06-16 23:07:06'),
(4,'PROPIAS','UTVT','UTVT',1,1,'2023-06-16 23:07:06','2023-06-16 23:07:06'),
(5,'UIPPE','Unidad de Planeación','',0,2,'2023-06-16 23:10:16','2023-06-16 23:13:04');

/*Table structure for table `tb_tipos` */

DROP TABLE IF EXISTS `tb_tipos`;

CREATE TABLE `tb_tipos` (
  `id` int(10) unsigned NOT NULL AUTO_INCREMENT,
  `clave` varchar(30) NOT NULL,
  `nombre` varchar(50) NOT NULL,
  `descripcion` text DEFAULT NULL,
  `activo` tinyint(1) NOT NULL,
  `id_registro` int(11) NOT NULL,
  `created_at` timestamp NULL DEFAULT NULL,
  `updated_at` timestamp NULL DEFAULT NULL,
  PRIMARY KEY (`id`)
) ENGINE=InnoDB AUTO_INCREMENT=6 DEFAULT CHARSET=utf8mb4 COLLATE=utf8mb4_unicode_ci;

/*Data for the table `tb_tipos` */

insert  into `tb_tipos`(`id`,`clave`,`nombre`,`descripcion`,`activo`,`id_registro`,`created_at`,`updated_at`) values 
(1,'TIP1','Administrador','Tiene acceso total al sistema',1,1,'2023-06-16 23:07:06','2023-06-16 23:07:06'),
(2,'TIP2','Administrador de Plataforma','Tiene acceso total al sistema',1,1,'2023-06-16 23:07:06','2023-06-16 23:07:06'),
(3,'TIP3','Encargado de Área','Tiene acceso total al sistema',1,1,'2023-06-16 23:07:06','2023-06-16 23:07:06'),
(4,'TIP4','Secretaria','Solo tiene acceso al apartado de Metas y gráficas',1,1,'2023-06-16 23:07:06','2023-06-16 23:07:06'),
(5,'TIP5','Invitado','Solo puede ver el contenido en gráficas',1,1,'2023-06-16 23:07:06','2023-06-16 23:07:06');

/*Table structure for table `tb_usuarios` */

DROP TABLE IF EXISTS `tb_usuarios`;

CREATE TABLE `tb_usuarios` (
  `id_usuario` int(10) unsigned NOT NULL AUTO_INCREMENT,
  `clave` varchar(30) NOT NULL,
  `nombre` varchar(50) NOT NULL,
  `app` varchar(50) NOT NULL,
  `apm` varchar(50) NOT NULL,
  `gen` varchar(15) DEFAULT NULL,
  `fn` date NOT NULL,
  `academico` text NOT NULL,
  `foto` text DEFAULT NULL,
  `email` varchar(255) NOT NULL,
  `pass` varchar(255) NOT NULL,
  `id_tipo` int(10) unsigned NOT NULL,
  `activo` tinyint(1) NOT NULL,
  `id_registro` int(11) NOT NULL,
  `created_at` timestamp NULL DEFAULT NULL,
  `updated_at` timestamp NULL DEFAULT NULL,
  PRIMARY KEY (`id_usuario`),
  UNIQUE KEY `tb_usuarios_email_unique` (`email`),
  KEY `tb_usuarios_id_tipo_foreign` (`id_tipo`),
  CONSTRAINT `tb_usuarios_id_tipo_foreign` FOREIGN KEY (`id_tipo`) REFERENCES `tb_tipos` (`id`)
) ENGINE=InnoDB AUTO_INCREMENT=72 DEFAULT CHARSET=utf8mb4 COLLATE=utf8mb4_unicode_ci;

/*Data for the table `tb_usuarios` */

insert  into `tb_usuarios`(`id_usuario`,`clave`,`nombre`,`app`,`apm`,`gen`,`fn`,`academico`,`foto`,`email`,`pass`,`id_tipo`,`activo`,`id_registro`,`created_at`,`updated_at`) values 
(1,'URS1','Jimena','Diaz','De Los Santos','F','2003-02-24','TSU Área Dasarrollo de Software Multiplataforma','cuervo.png','al222110707@gmail.com','123456',1,1,1,'2023-06-16 23:07:06','2023-06-16 23:07:06'),
(2,'URS2','Jossue Alejandro','Candelas','Hernandez','M','2003-06-17','TSU Área Dasarrollo de Software Multiplataforma','cuervo.png','al222110811@gmail.com','123456',1,1,1,'2023-06-16 23:07:06','2023-06-16 23:07:06'),
(3,'URS3','Miguel Emmanuel','Arriola','Ortega','M','2003-05-01','TSU Área Dasarrollo de Software Multiplataforma','cuervo.png','al222010230@gmail.com','123456',1,1,1,'2023-06-16 23:07:06','2023-06-16 23:07:06'),
(4,'URS4','Juan Carlos','Lopez','Alarcon','M','1998-09-04','TSU Área Dasarrollo de Software Multiplataforma','cuervo.png','al222220002@gmail.com','123456',1,1,1,'2023-06-16 23:07:06','2023-06-16 23:07:06'),
(5,'URS5','Christopher Dan','Zarate','Bedolla','M','1999-12-05','TSU Área Dasarrollo de Software Multiplataforma','cuervo.png','al222111400@gmail.com','123456',1,1,1,'2023-06-16 23:07:06','2023-06-16 23:07:06'),
(6,'URS6','Carlos Eduardo','Olvera','Aldama','M','2003-12-30','TSU Área Dasarrollo de Software Multiplataforma','cuervo.png','al222111275@gmail.com','123456',1,1,1,'2023-06-16 23:07:06','2023-06-16 23:07:06'),
(7,'URS7','Eduardo','Diaz','Perez','M','1978-03-01','TSU Área Dasarrollo de Software Multiplataforma','cuervo.png','al721594356@gmail.com','123456',3,1,1,'2023-06-16 23:07:06','2023-06-16 23:07:06'),
(8,'URS8','Yanet','De Los Santos','Gomez','F','1980-06-25','TSU Área Dasarrollo de Software Multiplataforma','cuervo.png','al64512379@gmail.com','123456',4,1,1,'2023-06-16 23:07:06','2023-06-16 23:07:06'),
(9,'URS9','Leopoldo','Diaz','Sanchez','M','2000-05-05','TSU Área Dasarrollo de Software Multiplataforma','cuervo.png','al315794685@gmail.com','123456',5,1,1,'2023-06-16 23:07:06','2023-06-16 23:07:06'),
(10,'URS10','Jose','Sanchez','Gomez','M','1979-08-12','TSU Área Dasarrollo de Software Multiplataforma','cuervo.png','al125789139@gmail.com','123456',3,1,1,'2023-06-16 23:07:06','2023-06-16 23:07:06'),
(11,'URS11','Jose','Sanchez','Gomez','M','1979-08-12','TSU Área Dasarrollo de Software Multiplataforma','cuervo.png','al125789135@gmail.com','123456',4,1,1,'2023-06-16 23:07:06','2023-06-16 23:07:06'),
(12,'URS12','Ana','Toriz','Diego','F','1975-11-24','TSU Área Dasarrollo de Software Multiplataforma','cuervo.png','al348971569@gmail.com','123456',5,1,1,'2023-06-16 23:07:06','2023-06-16 23:07:06'),
(13,'URS13','Alexa','Gonzalez','Camacho','F','1999-04-09','TSU Área Dasarrollo de Software Multiplataforma','cuervo.png','al798145632@gmail.com','123456',3,1,1,'2023-06-16 23:07:06','2023-06-16 23:07:06'),
(14,'URS14','Pedro','Peña','Santiago','M','1990-10-23','TSU Área Dasarrollo de Software Multiplataforma','cuervo.png','al348971566@gmail.com','123456',4,1,1,'2023-06-16 23:07:06','2023-06-16 23:07:06'),
(15,'URS15','Laura','Jimenez','Amaro','F','1994-01-06','TSU Área Dasarrollo de Software Multiplataforma','cuervo.png','al36987215689@gmail.com','123456',5,1,1,'2023-06-16 23:07:06','2023-06-16 23:07:06'),
(16,'URS16','Ana','Toriz','Diego','F','1975-11-24','TSU Área Dasarrollo de Software Multiplataforma','cuervo.png','al348971555@gmail.com','123456',3,1,1,'2023-06-16 23:07:06','2023-06-16 23:07:06'),
(17,'URS17','Juan','Alvarez','Andrade','M','1983-04-16','TSU Área Dasarrollo de Software Multiplataforma','cuervo.png','al927468126@gmail.com','123456',4,1,1,'2023-06-16 23:07:06','2023-06-16 23:07:06'),
(18,'URS18','Emmanuel','Benitez','Castillo','M','1996-09-19','TSU Área Dasarrollo de Software Multiplataforma','cuervo.png','al394172648@gmail.com','123456',5,1,1,'2023-06-16 23:07:06','2023-06-16 23:07:06'),
(19,'URS19','Beningno','Arenas','Sosa','M','1983-08-18','TSU Área Dasarrollo de Software Multiplataforma','cuervo.png','al973468521@gmail.com','123456',3,1,1,'2023-06-16 23:07:06','2023-06-16 23:07:06'),
(20,'URS20','Aurora','Cordova','Delgado','F','1991-11-20','TSU Área Dasarrollo de Software Multiplataforma','cuervo.png','al647215381@gmail.com','123456',4,1,1,'2023-06-16 23:07:06','2023-06-16 23:07:06'),
(21,'URS21','Nancy','Corona','Diaz','F','1999-07-15','TSU Área Dasarrollo de Software Multiplataforma','cuervo.png','al378416982@gmail.com','123456',5,1,1,'2023-06-16 23:07:06','2023-06-16 23:07:06'),
(22,'URS22','Hilario','Carmona','Peralta','M','1985-02-21','TSU Área Dasarrollo de Software Multiplataforma','cuervo.png','al378469125@gmail.com','123456',3,1,1,'2023-06-16 23:07:06','2023-06-16 23:07:06'),
(23,'URS23','Aleberto','Castillejos','De Los Santos','M','1979-05-19','TSU Área Dasarrollo de Software Multiplataforma','cuervo.png','al168743915@gmail.com','123456',4,1,1,'2023-06-16 23:07:06','2023-06-16 23:07:06'),
(24,'URS24','Maria','Esquivel','Tabaco','F','1976-12-12','TSU Área Dasarrollo de Software Multiplataforma','cuervo.png','al671384561@gmail.com','123456',5,1,1,'2023-06-16 23:07:06','2023-06-16 23:07:06'),
(25,'URS25','Graciela','Fuentes','Hurtado','F','1992-08-26','TSU Área Dasarrollo de Software Multiplataforma','cuervo.png','al843179546@gmail.com','123456',3,1,1,'2023-06-16 23:07:06','2023-06-16 23:07:06'),
(26,'URS26','Gustavo','Diaz','Diaz','M','1999-07-19','TSU Área Dasarrollo de Software Multiplataforma','cuervo.png','al456713695@gmail.com','123456',4,1,1,'2023-06-16 23:07:06','2023-06-16 23:07:06'),
(27,'URS27','Rene','Garcia','Mancio','M','1979-02-14','TSU Área Dasarrollo de Software Multiplataforma','cuervo.png','al456123745@gmail.com','123456',5,1,1,'2023-06-16 23:07:06','2023-06-16 23:07:06'),
(28,'URS28','Omar','Fernandez','Maya','M','1986-04-05','TSU Área Dasarrollo de Software Multiplataforma','cuervo.png','al469517843@gmail.com','123456',3,1,1,'2023-06-16 23:07:06','2023-06-16 23:07:06'),
(29,'URS29','Graciela','Fuentes','Estrada','F','1994-09-17','TSU Área Dasarrollo de Software Multiplataforma','cuervo.png','al762498124@gmail.com','123456',4,1,1,'2023-06-16 23:07:06','2023-06-16 23:07:06'),
(30,'URS30','Norma','Gonzalez','Garcia','F','1999-10-21','TSU Área Dasarrollo de Software Multiplataforma','cuervo.png','al274159634@gmail.com','123456',5,1,1,'2023-06-16 23:07:06','2023-06-16 23:07:06'),
(31,'URS31','Virginia','Guerrero','Delgado','F','1990-06-17','TSU Área Dasarrollo de Software Multiplataforma','cuervo.png','al761349852@gmail.com','123456',3,1,1,'2023-06-16 23:07:06','2023-06-16 23:07:06'),
(32,'URS32','Jesus','Guadarrama','Campos','M','1979-07-01','TSU Área Dasarrollo de Software Multiplataforma','cuervo.png','al651348751@gmail.com','123456',4,1,1,'2023-06-16 23:07:06','2023-06-16 23:07:06'),
(33,'URS33','Miguel','Hernandez','Vallejo','M','1991-03-19','TSU Área Dasarrollo de Software Multiplataforma','cuervo.png','al745351625@gmail.com','123456',5,1,1,'2023-06-16 23:07:06','2023-06-16 23:07:06'),
(34,'URS34','Andrea','Herrera','Zuñiga','F','1998-10-12','TSU Área Dasarrollo de Software Multiplataforma','cuervo.png','al349517642@gmail.com','123456',3,1,1,'2023-06-16 23:07:06','2023-06-16 23:07:06'),
(35,'URS35','Raquel','Lara','Fierro','F','1980-06-20','TSU Área Dasarrollo de Software Multiplataforma','cuervo.png','al984613744@gmail.com','123456',4,1,1,'2023-06-16 23:07:06','2023-06-16 23:07:06'),
(36,'URS36','Alejandro','Jasso','Marcial','M','1998-04-13','TSU Área Dasarrollo de Software Multiplataforma','cuervo.png','al547135468@gmail.com','123456',5,1,1,'2023-06-16 23:07:06','2023-06-16 23:07:06'),
(37,'URS37','Jose de Jesus','Martinez','De la Vega','M','1978-06-15','TSU Área Dasarrollo de Software Multiplataforma','cuervo.png','al246875133@gmail.com','123456',3,1,1,'2023-06-16 23:07:06','2023-06-16 23:07:06'),
(38,'URS38','Brenda','Ortiz','Acosta','F','1996-07-04','TSU Área Dasarrollo de Software Multiplataforma','cuervo.png','al231456789@gmail.com','123456',4,1,1,'2023-06-16 23:07:06','2023-06-16 23:07:06'),
(39,'URS39','Luz','Perez','Ramos','F','1990-03-20','TSU Área Dasarrollo de Software Multiplataforma','cuervo.png','al345781456@gmail.com','123456',5,1,1,'2023-06-16 23:07:06','2023-06-16 23:07:06'),
(40,'URS40','Emilio','Peñaloza','Hugo','M','1996-04-23','TSU Área Dasarrollo de Software Multiplataforma','cuervo.png','al451230784@gmail.com','123456',3,1,1,'2023-06-16 23:07:06','2023-06-16 23:07:06'),
(41,'URS41','Ruben','Romero','Aguilar','M','1979-04-21','TSU Área Dasarrollo de Software Multiplataforma','cuervo.png','al843516784@gmail.com','123456',4,1,1,'2023-06-16 23:07:06','2023-06-16 23:07:06'),
(42,'URS42','Eva','Reyes','Garcia','F','1999-12-11','TSU Área Dasarrollo de Software Multiplataforma','cuervo.png','al1034561027@gmail.com','123456',5,1,1,'2023-06-16 23:07:06','2023-06-16 23:07:06'),
(43,'URS43','Jazmin','Romero','Hernandez','F','1998-12-24','TSU Área Dasarrollo de Software Multiplataforma','cuervo.png','al213456741@gmail.com','123456',3,1,1,'2023-06-16 23:07:06','2023-06-16 23:07:06'),
(44,'URS44','Francisco','Reza','Tejada','M','1990-04-23','TSU Área Dasarrollo de Software Multiplataforma','cuervo.png','al144337784@gmail.com','123456',4,1,1,'2023-06-16 23:07:06','2023-06-16 23:07:06'),
(45,'URS45','Alejandro','Rosas','Escalona','M','1996-10-09','TSU Área Dasarrollo de Software Multiplataforma','cuervo.png','al999123484@gmail.com','123456',5,1,1,'2023-06-16 23:07:06','2023-06-16 23:07:06'),
(46,'URS46','Graciela','Velazquez','Huerta','F','1996-02-23','TSU Área Dasarrollo de Software Multiplataforma','cuervo.png','al666321584@gmail.com','123456',3,1,1,'2023-06-16 23:07:06','2023-06-16 23:07:06'),
(47,'URS47','Guadalupe','Velasquez','Cruz','F','1993-05-18','TSU Área Dasarrollo de Software Multiplataforma','cuervo.png','al888246187@gmail.com','123456',4,1,1,'2023-06-16 23:07:06','2023-06-16 23:07:06'),
(48,'URS48','Maribel','Rueda','Nava','F','1997-09-08','TSU Área Dasarrollo de Software Multiplataforma','cuervo.png','al444615789@gmail.com','123456',5,1,1,'2023-06-16 23:07:06','2023-06-16 23:07:06'),
(49,'URS49','Enrique','Diaz','Castillo','M','1976-01-21','TSU Área Dasarrollo de Software Multiplataforma','cuervo.png','al777156423@gmail.com','123456',3,1,1,'2023-06-16 23:07:06','2023-06-16 23:07:06'),
(50,'URS50','Margarita','Perez','Morales','F','1975-11-24','TSU Área Dasarrollo de Software Multiplataforma','cuervo.png','al555127845@gmail.com','123456',4,1,1,'2023-06-16 23:07:06','2023-06-16 23:07:06'),
(51,'URS51','Roberto','Camacho','Mendoza','M','1980-03-24','TSU Área Dasarrollo de Software Multiplataforma','cuervo.png','al333456178@gmail.com','123456',5,1,1,'2023-06-16 23:07:06','2023-06-16 23:07:06'),
(52,'URS52','Juan Fernando','Perez','del Corral','M','1980-12-30','TSU Área Dasarrollo de Software Multiplataforma','cuervo.png','al654447512@gmail.com','123456',3,1,1,'2023-06-16 23:07:06','2023-06-16 23:07:06'),
(53,'URS53','Valentina','Laverde','de la Rosa','F','1990-06-21','TSU Área Dasarrollo de Software Multiplataforma','cuervo.png','al647111999@gmail.com','123456',4,1,1,'2023-06-16 23:07:06','2023-06-16 23:07:06'),
(54,'URS54','Oscar','de la Renta','Peña','M','1978-02-18','TSU Área Dasarrollo de Software Multiplataforma','cuervo.png','al666771122@gmail.com','123456',5,1,1,'2023-06-16 23:07:06','2023-06-16 23:07:06'),
(55,'URS55','Sara Teresa','Sanchez','del Pilar','F','1999-04-02','TSU Área Dasarrollo de Software Multiplataforma','cuervo.png','al888445511@gmail.com','123456',3,1,1,'2023-06-16 23:07:06','2023-06-16 23:07:06'),
(56,'URS56','Efrain','de las Casas','Mejía','M','1980-11-20','TSU Área Dasarrollo de Software Multiplataforma','cuervo.png','al665511122@gmail.com','123456',4,1,1,'2023-06-16 23:07:06','2023-06-16 23:07:06'),
(57,'URS57','Julieta','Ponce','de León','F','1995-06-17','TSU Área Dasarrollo de Software Multiplataforma','cuervo.png','al998877666@gmail.com','123456',5,1,1,'2023-06-16 23:07:06','2023-06-16 23:07:06'),
(58,'URS58','Martin','de los Rios','Acosta','M','1983-01-27','TSU Área Dasarrollo de Software Multiplataforma','cuervo.png','al222222222@gmail.com','123456',3,1,1,'2023-06-16 23:07:06','2023-06-16 23:07:06'),
(59,'URS59','Gabriela','de la Pava','de la Torre','F','1986-07-14','TSU Área Dasarrollo de Software Multiplataforma','cuervo.png','al777446612@gmail.com','123456',4,1,1,'2023-06-16 23:07:06','2023-06-16 23:07:06'),
(60,'URS60','Matias','de Greiff','Rincón','M','1988-10-13','TSU Área Dasarrollo de Software Multiplataforma','cuervo.png','al321564888@gmail.com','123456',5,1,1,'2023-06-16 23:07:06','2023-06-16 23:07:06'),
(61,'URS61','Manuela','del Pino','Hincapié','F','1984-09-20','TSU Área Dasarrollo de Software Multiplataforma','cuervo.png','al215611447@gmail.com','123456',3,1,1,'2023-06-16 23:07:06','2023-06-16 23:07:06'),
(62,'URS62','Sebastian','del Campo','Yepes','M','1997-07-13','TSU Área Dasarrollo de Software Multiplataforma','cuervo.png','al621222444@gmail.com','123456',4,1,1,'2023-06-16 23:07:06','2023-06-16 23:07:06'),
(63,'URS63','Sofia','del Rio','Arango','F','1988-10-27','TSU Área Dasarrollo de Software Multiplataforma','cuervo.png','al555666111@gmail.com','123456',5,1,1,'2023-06-16 23:07:06','2023-06-16 23:07:06'),
(64,'URS64','Ana','de la Peña','Posada','F','1981-04-16','TSU Área Dasarrollo de Software Multiplataforma','cuervo.png','al999456122@gmail.com','123456',3,1,1,'2023-06-16 23:07:06','2023-06-16 23:07:06'),
(65,'URS65','Monica','de Ávalos','Mendoza','M','1986-02-01','TSU Área Dasarrollo de Software Multiplataforma','cuervo.png','al120354871@gmail.com','123456',4,1,1,'2023-06-16 23:07:06','2023-06-16 23:07:06'),
(66,'URS66','Abel','Ponce','Gonzalez','M','1984-10-16','TSU Área Dasarrollo de Software Multiplataforma','cuervo.png','al999445129@gmail.com','123456',5,1,1,'2023-06-16 23:07:06','2023-06-16 23:07:06'),
(67,'URS67','Catalina','Espadas','Lopez','F','1999-04-14','TSU Área Dasarrollo de Software Multiplataforma','cuervo.png','al777777771@gmail.com','123456',3,1,1,'2023-06-16 23:07:06','2023-06-16 23:07:06'),
(68,'URS68','Gloria','Ley','Ibarra','F','1998-01-18','TSU Área Dasarrollo de Software Multiplataforma','cuervo.png','al222244451@gmail.com','123456',4,1,1,'2023-06-16 23:07:06','2023-06-16 23:07:06'),
(69,'URS69','Hector','Cervantes','Ortiz','M','1985-07-17','TSU Área Dasarrollo de Software Multiplataforma','cuervo.png','al555555555@gmail.com','123456',5,1,1,'2023-06-16 23:07:06','2023-06-16 23:07:06'),
(70,'URS70','UIPPE','-','Administrado',NULL,'2000-01-01','UIPPE','cuervo.png','uippe@utvtol.edu.mx','123456',2,1,1,'2023-06-16 23:07:06','2023-06-17 19:34:49'),
(71,'URS71','SAD','SAD','SAD','F','9878-07-08','SAD','cuervo.png','al@gmail.com','123123',3,1,2,'2023-06-16 23:08:02','2023-06-16 23:08:02');

/*Table structure for table `users` */

DROP TABLE IF EXISTS `users`;

CREATE TABLE `users` (
  `id` bigint(20) unsigned NOT NULL AUTO_INCREMENT,
  `name` varchar(255) NOT NULL,
  `email` varchar(255) NOT NULL,
  `email_verified_at` timestamp NULL DEFAULT NULL,
  `password` varchar(255) NOT NULL,
  `remember_token` varchar(100) DEFAULT NULL,
  `created_at` timestamp NULL DEFAULT NULL,
  `updated_at` timestamp NULL DEFAULT NULL,
  PRIMARY KEY (`id`),
  UNIQUE KEY `users_email_unique` (`email`)
) ENGINE=InnoDB DEFAULT CHARSET=utf8mb4 COLLATE=utf8mb4_unicode_ci;

/*Data for the table `users` */

/*!40101 SET SQL_MODE=@OLD_SQL_MODE */;
/*!40014 SET FOREIGN_KEY_CHECKS=@OLD_FOREIGN_KEY_CHECKS */;
/*!40014 SET UNIQUE_CHECKS=@OLD_UNIQUE_CHECKS */;
/*!40111 SET SQL_NOTES=@OLD_SQL_NOTES */;
